Shop_Age_Years,Total_Invoices,Average_Invoice_Value,Unpaid_Invoices_Count,Current_Debt,Late_Payment_History,Credit_Limit,High_Risk
2,405,1120.0,4,2780.0,2,10700.0,0
16,369,6980.0,12,84580.0,3,42600.0,0
14,281,2110.0,0,0.0,2,28400.0,0
9,443,2450.0,6,16130.0,7,500.0,1
9,68,9560.0,12,87910.0,2,61900.0,0
18,460,6020.0,14,53260.0,1,47100.0,0
2,425,13840.0,3,48340.0,1,100000.0,0
14,254,4920.0,9,51460.0,1,34400.0,0
5,368,10950.0,2,20140.0,0,18700.0,1
2,262,7020.0,1,6920.0,2,13900.0,1
11,138,9970.0,5,43750.0,0,85500.0,0
20,400,9080.0,13,100550.0,1,58500.0,0
15,126,7200.0,10,48360.0,2,59100.0,0
16,160,14260.0,7,65690.0,1,100000.0,0
15,262,5270.0,4,15590.0,2,53300.0,0
16,419,2820.0,2,6220.0,1,33500.0,0
11,195,10240.0,4,28160.0,1,93000.0,0
3,249,12720.0,2,18720.0,2,100000.0,0
17,25,800.0,2,1490.0,3,16700.0,0
10,62,6850.0,10,49940.0,1,52000.0,0
11,32,13410.0,1,9360.0,4,100000.0,0
8,40,11290.0,0,0.0,3,100000.0,0
4,434,14880.0,8,97710.0,5,100000.0,0
19,421,8060.0,4,31460.0,1,75700.0,0
16,411,9970.0,6,68630.0,1,77400.0,0
13,32,4680.0,2,6460.0,1,50500.0,0
9,43,14220.0,3,48980.0,1,100000.0,0
17,143,5620.0,6,38490.0,1,47400.0,0
11,284,11130.0,10,122150.0,3,500.0,1
9,170,6170.0,6,36230.0,3,49600.0,0
10,246,8510.0,8,66180.0,2,61500.0,0
5,90,10850.0,7,74700.0,2,78000.0,0
2,366,7730.0,4,31360.0,0,6300.0,1
12,160,13620.0,4,33230.0,5,100000.0,0
18,37,6410.0,6,45180.0,0,54300.0,0
2,372,9780.0,0,0.0,1,95900.0,0
18,451,5270.0,10,56330.0,1,38300.0,0
17,12,6240.0,9,46410.0,0,500.0,1
6,221,6710.0,4,16300.0,1,10800.0,1
13,414,2060.0,5,9330.0,1,23700.0,0
4,354,1560.0,4,5640.0,1,15700.0,0
16,428,10080.0,9,78220.0,3,74900.0,0
15,210,9900.0,11,87540.0,0,70100.0,0
8,189,10010.0,1,7510.0,2,99000.0,0
2,356,490.0,6,2690.0,1,500.0,1
20,81,5030.0,0,0.0,4,60600.0,0
9,123,3130.0,6,22200.0,1,27200.0,0
18,302,11720.0,3,24740.0,0,100000.0,0
14,335,12940.0,5,51230.0,3,100000.0,0
16,64,3850.0,6,17930.0,0,40000.0,0
16,256,10080.0,4,37340.0,1,11800.0,1
4,185,2110.0,5,9490.0,2,18700.0,0
8,253,4270.0,11,46320.0,0,27300.0,0
10,479,2250.0,12,31590.0,1,13800.0,0
10,42,4400.0,0,0.0,0,48100.0,0
1,497,10190.0,5,51750.0,2,77300.0,0
11,227,13670.0,12,100890.0,1,97900.0,0
4,387,3200.0,7,16970.0,1,26800.0,0
15,215,8220.0,3,21660.0,1,79500.0,0
14,158,10580.0,8,52360.0,1,89200.0,0
19,386,14300.0,2,27760.0,0,100000.0,0
15,345,9230.0,0,0.0,2,97900.0,0
8,76,3980.0,9,37540.0,0,500.0,1
20,354,9460.0,7,60260.0,3,79300.0,0
9,377,4940.0,11,52300.0,1,33000.0,0
7,196,14650.0,5,61360.0,0,100000.0,0
19,463,6120.0,12,45880.0,1,51600.0,0
8,322,10340.0,6,40940.0,1,87300.0,0
2,170,540.0,11,5900.0,1,4100.0,0
10,10,6120.0,1,7330.0,3,61800.0,0
16,339,13150.0,1,8010.0,1,100000.0,0
4,108,9230.0,11,94880.0,1,53600.0,0
10,379,6770.0,12,85350.0,1,36300.0,0
3,264,14050.0,14,215600.0,0,49900.0,0
14,236,12840.0,4,47620.0,0,100000.0,0
10,86,4970.0,0,0.0,2,53500.0,0
7,357,8260.0,14,117730.0,1,35800.0,0
5,87,7450.0,9,74790.0,1,500.0,1
12,211,9560.0,3,19310.0,2,91200.0,0
14,418,5140.0,11,65340.0,1,31200.0,0
19,460,3810.0,13,30490.0,0,36200.0,0
9,494,13710.0,4,60420.0,2,10100.0,1
4,479,13870.0,11,98570.0,2,96700.0,0
17,280,12680.0,11,99980.0,0,91800.0,0
13,104,14680.0,7,61900.0,1,100000.0,0
15,420,11230.0,9,87640.0,3,81500.0,0
2,401,11520.0,4,36890.0,7,13200.0,1
7,495,11490.0,13,104500.0,3,73100.0,0
16,327,7310.0,14,89100.0,3,43900.0,0
17,75,6960.0,14,81990.0,5,44500.0,0
9,253,3760.0,11,43870.0,0,23500.0,0
17,226,9740.0,0,0.0,2,100000.0,0
17,422,4480.0,5,22210.0,2,44000.0,0
8,199,4020.0,6,16270.0,0,37300.0,0
18,167,8870.0,14,96520.0,2,57400.0,0
6,44,6270.0,8,57580.0,1,41500.0,0
5,418,3440.0,8,17980.0,2,28300.0,0
14,378,12280.0,2,20730.0,0,100000.0,0
13,25,12940.0,11,165900.0,2,500.0,1
3,219,2680.0,5,15680.0,1,20600.0,0
17,242,310.0,1,260.0,1,12400.0,0
4,237,5170.0,14,72410.0,1,23400.0,0
17,459,12000.0,2,20980.0,2,100000.0,0
1,79,12620.0,0,0.0,1,100000.0,0
16,156,2250.0,1,1390.0,2,30500.0,0
16,94,11660.0,6,48030.0,5,100000.0,0
16,125,1910.0,1,1850.0,3,28000.0,0
14,454,5970.0,12,52980.0,2,44200.0,0
10,470,14980.0,7,104820.0,2,100000.0,0
15,27,3050.0,4,9890.0,3,34700.0,0
6,317,2480.0,0,0.0,2,27300.0,0
16,120,6460.0,7,49360.0,1,52900.0,0
12,100,9370.0,2,16790.0,0,90200.0,0
10,149,14010.0,14,208640.0,3,57500.0,0
11,101,14720.0,4,44910.0,1,100000.0,0
12,247,1230.0,7,7720.0,0,15700.0,0
1,497,2240.0,0,0.0,0,21700.0,0
3,295,11900.0,1,13290.0,1,100000.0,0
5,363,4210.0,3,13820.0,0,38200.0,0
3,249,13300.0,0,0.0,0,31700.0,1
9,11,10020.0,10,112870.0,4,500.0,1
14,46,1860.0,14,30620.0,0,12700.0,0
14,138,12520.0,14,129180.0,1,77200.0,0
10,125,2810.0,3,9770.0,1,28900.0,0
18,421,6470.0,11,67090.0,1,46000.0,0
12,422,8370.0,7,50010.0,4,1000.0,1
2,427,7610.0,0,0.0,0,73700.0,0
16,320,10360.0,1,8350.0,2,100000.0,0
12,280,9860.0,8,60980.0,2,77100.0,0
13,326,14880.0,6,66490.0,2,100000.0,0
12,206,14990.0,0,0.0,1,100000.0,0
12,336,7840.0,13,91520.0,2,47000.0,0
2,398,1610.0,10,18240.0,2,9300.0,0
12,382,10970.0,7,75110.0,4,83000.0,0
16,308,14650.0,14,187170.0,2,75000.0,0
7,33,4910.0,14,58920.0,1,26900.0,0
13,363,7030.0,14,86480.0,1,40500.0,0
1,186,6490.0,3,14130.0,2,56500.0,0
7,373,960.0,13,13650.0,3,8000.0,0
9,272,10150.0,7,51090.0,1,82000.0,0
20,441,5430.0,10,55930.0,2,40800.0,0
5,172,11850.0,12,150160.0,1,500.0,1
6,466,12520.0,2,23660.0,1,100000.0,0
9,423,12350.0,6,82830.0,1,90000.0,0
20,168,6370.0,1,4930.0,0,71600.0,0
18,243,4960.0,4,22400.0,0,49100.0,0
1,268,11280.0,6,70230.0,0,81300.0,0
5,385,12060.0,12,156190.0,2,55900.0,0
17,346,7470.0,12,89530.0,1,45800.0,0
2,426,13420.0,5,74330.0,3,100000.0,0
18,188,2330.0,4,11150.0,2,29000.0,0
6,254,13210.0,7,78790.0,3,99300.0,0
19,218,1620.0,13,22920.0,0,17700.0,0
6,455,2470.0,14,36200.0,2,13100.0,0
9,155,8100.0,3,21180.0,2,75100.0,0
14,295,1200.0,2,2770.0,1,18900.0,0
3,64,980.0,10,8200.0,0,7900.0,0
12,425,210.0,4,790.0,0,8200.0,0
11,195,6660.0,2,8840.0,3,67300.0,0
16,173,11660.0,0,0.0,4,100000.0,0
20,293,720.0,6,4770.0,2,16800.0,0
14,251,9850.0,5,41270.0,1,87100.0,0
9,424,12380.0,8,82840.0,1,90400.0,0
9,268,2690.0,3,6030.0,2,29600.0,0
9,260,2370.0,10,21210.0,0,19700.0,0
17,56,12940.0,10,140200.0,3,78500.0,0
7,15,12380.0,6,84460.0,3,500.0,1
4,202,8180.0,2,10500.0,3,75900.0,0
7,499,12320.0,7,81490.0,0,89800.0,0
1,459,1570.0,10,13820.0,1,10300.0,0
3,316,6040.0,5,29250.0,1,48400.0,0
2,317,11120.0,3,28970.0,1,96300.0,0
16,198,4010.0,7,23560.0,0,37600.0,0
15,92,11330.0,5,50030.0,0,97000.0,0
14,9,7660.0,6,43630.0,0,65500.0,0
10,172,11300.0,5,50880.0,1,93600.0,0
15,161,7080.0,4,25010.0,1,67700.0,0
4,99,5640.0,10,61520.0,0,31500.0,0
19,133,3440.0,6,21620.0,2,35700.0,0
11,17,3280.0,6,15840.0,3,3500.0,1
19,305,11320.0,9,110070.0,3,75600.0,0
4,464,1960.0,5,10900.0,1,17700.0,0
10,346,1470.0,1,1020.0,0,19700.0,0
14,226,2810.0,12,32020.0,1,22800.0,0
10,213,2800.0,0,0.0,1,32700.0,0
9,157,12380.0,8,103350.0,1,83200.0,0
4,75,6100.0,3,13600.0,1,56300.0,0
8,301,14860.0,3,44710.0,1,100000.0,0
5,285,2230.0,0,0.0,1,25300.0,0
7,8,9870.0,8,71590.0,0,500.0,1
14,210,6840.0,6,47980.0,0,55300.0,0
13,142,6020.0,5,24950.0,0,55900.0,0
13,89,13150.0,11,162800.0,0,68400.0,0
8,353,14640.0,0,0.0,2,100000.0,0
20,265,13120.0,8,118070.0,2,90700.0,0
2,318,3050.0,7,14930.0,1,1200.0,1
7,358,3470.0,8,30310.0,0,25600.0,0
3,490,9910.0,1,6140.0,4,94600.0,0
7,402,4480.0,14,52430.0,0,26200.0,0
20,312,11070.0,3,37280.0,1,100000.0,0
8,440,8580.0,10,86940.0,0,52300.0,0
19,241,8350.0,11,84470.0,0,57600.0,0
10,492,12460.0,5,51880.0,1,100000.0,0
14,381,10720.0,1,11660.0,0,100000.0,0
10,327,590.0,4,2420.0,2,12000.0,0
6,452,930.0,12,9830.0,1,7900.0,0
16,259,9100.0,13,134330.0,0,42900.0,0
20,361,7400.0,14,76450.0,1,52200.0,0
6,145,4050.0,3,8530.0,0,40100.0,0
16,481,6400.0,9,56780.0,1,47700.0,0
6,313,11420.0,2,27020.0,0,100000.0,0
15,392,12430.0,10,93020.0,1,91200.0,0
16,233,8510.0,6,38280.0,2,76200.0,0
9,434,5900.0,10,40340.0,1,46500.0,0
15,41,4210.0,10,47000.0,1,31200.0,0
6,61,7920.0,14,81590.0,0,46800.0,0
2,256,4860.0,7,30680.0,3,500.0,1
2,367,8550.0,5,51070.0,2,61900.0,0
9,405,10210.0,7,43400.0,2,86100.0,0
19,222,1180.0,2,2200.0,2,21500.0,0
3,326,220.0,1,200.0,1,3700.0,0
10,278,3340.0,7,25350.0,3,27100.0,0
15,480,13440.0,12,131150.0,1,85800.0,0
5,328,9770.0,7,57870.0,2,72800.0,0
15,211,2750.0,11,21200.0,1,27000.0,0
7,485,13380.0,2,27950.0,3,100000.0,0
17,58,7160.0,6,46000.0,2,60100.0,0
12,492,7250.0,9,44500.0,3,2000.0,1
11,81,14050.0,5,58730.0,3,100000.0,0
4,147,1080.0,0,0.0,1,13300.0,0
10,411,3380.0,1,2030.0,1,38400.0,0
18,368,8870.0,13,89860.0,2,59600.0,0
1,485,3090.0,9,25950.0,2,20600.0,0
16,376,10260.0,3,24640.0,0,97500.0,0
10,320,3370.0,3,7720.0,0,35600.0,0
15,176,1670.0,0,0.0,2,24800.0,0
14,7,3260.0,7,16180.0,0,3000.0,1
9,66,6460.0,1,5930.0,1,65400.0,0
7,152,2810.0,11,31650.0,1,19000.0,0
13,25,2190.0,3,6210.0,1,26800.0,0
3,256,12930.0,5,42400.0,3,14600.0,1
12,389,4940.0,4,21870.0,0,45900.0,0
2,481,5540.0,12,46870.0,0,35900.0,0
13,247,1020.0,0,0.0,2,17700.0,0
13,438,5490.0,5,22410.0,0,51800.0,0
2,492,4120.0,4,17630.0,1,33800.0,0
16,430,9240.0,4,26750.0,3,14300.0,1
9,235,3240.0,2,4610.0,2,33800.0,0
16,166,13350.0,13,155890.0,1,75300.0,0
1,489,13960.0,5,43260.0,4,100000.0,0
4,124,1680.0,6,7410.0,4,1800.0,1
10,208,1790.0,5,9260.0,2,20300.0,0
4,41,1910.0,14,29480.0,4,500.0,1
7,397,9370.0,5,30380.0,1,82100.0,0
14,326,2010.0,5,11350.0,2,23500.0,0
3,46,12820.0,4,55310.0,3,100000.0,0
14,114,11360.0,4,50980.0,2,96800.0,0
3,279,12330.0,1,12560.0,4,100000.0,0
4,272,7990.0,9,72230.0,1,48800.0,0
12,402,14950.0,0,0.0,1,100000.0,0
16,136,850.0,3,2530.0,1,17300.0,0
4,462,6140.0,3,21210.0,2,53400.0,0
6,225,4990.0,4,13180.0,1,46400.0,0
19,412,14240.0,11,123660.0,1,99100.0,0
20,122,8740.0,8,44990.0,1,78000.0,0
12,23,12130.0,14,198160.0,1,44700.0,0
9,32,2720.0,5,11790.0,1,26600.0,0
7,189,14680.0,13,191830.0,1,68500.0,0
13,476,7580.0,0,0.0,2,80300.0,0
12,29,7510.0,7,62800.0,1,54800.0,0
6,187,14570.0,11,111720.0,1,99500.0,0
1,59,5830.0,7,44060.0,4,500.0,1
4,466,6080.0,13,89510.0,4,24800.0,0
20,339,8850.0,4,22280.0,2,87600.0,0
9,382,2100.0,0,0.0,4,26200.0,0
10,358,4950.0,11,44260.0,0,36100.0,0
10,330,3060.0,1,3030.0,0,34300.0,0
16,387,1730.0,11,17290.0,1,19000.0,0
2,9,13020.0,9,88570.0,3,500.0,1
2,433,8920.0,12,72910.0,1,500.0,1
6,371,5510.0,7,25850.0,1,46500.0,0
10,371,6250.0,13,53790.0,0,45200.0,0
14,199,6590.0,2,12950.0,0,67300.0,0
10,401,9570.0,6,46560.0,1,79600.0,0
9,194,13920.0,1,10160.0,3,100000.0,0
19,29,14010.0,11,156440.0,0,83400.0,0
4,454,5990.0,10,60630.0,1,36700.0,0
12,121,5070.0,12,56190.0,2,33000.0,0
11,55,6880.0,11,87860.0,0,37500.0,0
10,312,8610.0,4,28630.0,1,77900.0,0
17,120,7030.0,1,7740.0,1,74900.0,0
6,429,9950.0,13,83440.0,2,67000.0,0
20,224,8410.0,7,61450.0,0,67800.0,0
7,7,4950.0,1,5910.0,1,48900.0,0
11,476,5320.0,13,76630.0,0,27600.0,0
11,259,5800.0,14,76960.0,2,30900.0,0
17,135,1600.0,6,9370.0,1,21700.0,0
9,340,2660.0,11,23760.0,1,21400.0,0
6,267,10900.0,0,0.0,2,100000.0,0
1,19,5960.0,1,6330.0,0,55600.0,0
8,381,3380.0,4,16210.0,2,31000.0,0
17,203,8530.0,9,68750.0,3,500.0,1
1,351,11380.0,2,14490.0,2,100000.0,0
18,448,4010.0,0,0.0,1,51300.0,0
11,307,12440.0,10,83520.0,0,93000.0,0
3,337,13930.0,11,114440.0,2,89800.0,0
7,131,9040.0,11,79280.0,0,58600.0,0
12,122,10100.0,11,115390.0,2,57700.0,0
7,210,980.0,12,8350.0,0,10200.0,0
3,427,14190.0,9,89330.0,2,100000.0,0
14,264,6010.0,7,26380.0,3,55500.0,0
14,177,13870.0,12,187070.0,2,67600.0,0
3,390,8770.0,5,44560.0,5,68800.0,0
6,427,270.0,1,170.0,1,6000.0,0
5,451,770.0,11,5230.0,0,7700.0,0
14,152,10270.0,4,38420.0,2,92300.0,0
15,356,8530.0,14,91900.0,1,54100.0,0
15,297,590.0,6,3390.0,1,12400.0,0
19,227,11200.0,12,115690.0,0,73000.0,0
16,201,12810.0,0,0.0,1,100000.0,0
7,61,7550.0,9,52500.0,1,54500.0,0
3,141,7090.0,6,42860.0,2,52300.0,0
13,277,280.0,6,1060.0,0,10000.0,0
19,443,11840.0,3,41680.0,0,100000.0,0
20,433,5090.0,14,84690.0,2,26700.0,0
5,97,13210.0,5,68920.0,2,100000.0,0
5,341,5720.0,12,60340.0,4,500.0,1
1,46,8560.0,6,37600.0,0,67500.0,0
3,339,4200.0,0,0.0,0,42400.0,0
12,174,2580.0,13,34940.0,1,17400.0,0
11,227,11670.0,2,17110.0,4,100000.0,0
8,360,7550.0,4,26300.0,1,67100.0,0
7,215,8140.0,12,85730.0,4,500.0,1
17,404,14490.0,13,206420.0,3,67200.0,0
10,269,14460.0,13,189920.0,0,68600.0,0
17,499,12860.0,6,76070.0,1,100000.0,0
20,320,2980.0,11,32450.0,3,28300.0,0
7,151,9000.0,4,27440.0,1,78900.0,0
5,388,13200.0,11,119500.0,2,82500.0,0
20,206,5740.0,7,25210.0,0,57700.0,0
13,269,1700.0,0,0.0,0,24600.0,0
6,72,12200.0,6,62940.0,2,4700.0,1
13,64,7330.0,7,44280.0,0,60000.0,0
11,289,8550.0,3,19170.0,1,80900.0,0
19,97,14740.0,5,53480.0,5,100000.0,0
6,498,9190.0,7,61290.0,0,66800.0,0
20,428,6490.0,0,0.0,0,74600.0,0
19,351,5680.0,2,7250.0,1,63400.0,0
4,368,6380.0,11,74430.0,3,500.0,1
4,299,1950.0,5,8050.0,2,18200.0,0
11,34,11960.0,9,89140.0,4,500.0,1
1,199,12600.0,8,86570.0,2,87700.0,0
6,250,4410.0,8,38420.0,1,30900.0,0
9,458,4700.0,6,22350.0,0,42100.0,0
20,113,13140.0,7,97020.0,1,99600.0,0
20,250,550.0,12,7680.0,1,14700.0,0
4,175,7900.0,14,110220.0,1,33500.0,0
18,71,7060.0,3,18190.0,1,71200.0,0
2,55,10410.0,10,109170.0,1,500.0,1
15,185,2620.0,14,32090.0,1,21200.0,0
17,45,10090.0,0,0.0,3,100000.0,0
18,38,5780.0,11,58190.0,2,43300.0,0
5,178,9360.0,7,51800.0,3,72300.0,0
18,104,790.0,14,7330.0,1,15400.0,0
3,279,7030.0,8,47740.0,1,49800.0,0
11,13,7930.0,12,64170.0,3,500.0,1
10,154,3370.0,2,5700.0,1,36200.0,0
7,229,2270.0,2,4240.0,2,23800.0,0
1,481,2990.0,13,45030.0,1,11200.0,0
16,319,5290.0,7,23020.0,1,50300.0,0
7,440,1630.0,8,12690.0,1,14800.0,0
14,174,14220.0,2,24870.0,1,100000.0,0
9,227,6190.0,3,11370.0,1,60000.0,0
8,213,12170.0,12,109490.0,0,78600.0,0
18,444,14620.0,4,39250.0,1,100000.0,0
2,479,1390.0,8,8120.0,0,11600.0,0
15,481,9840.0,4,30100.0,1,92500.0,0
15,377,13100.0,3,33040.0,2,100000.0,0
8,254,9590.0,2,17600.0,0,89800.0,0
6,272,6550.0,13,51140.0,1,45500.0,0
1,490,6580.0,14,64220.0,3,37400.0,0
19,145,730.0,1,480.0,3,18000.0,0
19,176,8110.0,5,37700.0,1,73800.0,0
5,449,14900.0,8,95060.0,0,100000.0,0
1,196,14390.0,5,66840.0,3,7800.0,1
3,121,800.0,10,5860.0,1,7100.0,0
2,282,10650.0,3,19630.0,2,95800.0,0
17,166,4670.0,0,0.0,4,54400.0,0
18,445,13560.0,5,45090.0,1,100000.0,0
4,454,870.0,8,4710.0,1,8800.0,0
15,156,14050.0,2,19330.0,2,100000.0,0
4,267,12590.0,12,179600.0,2,52300.0,0
8,492,1940.0,0,0.0,0,23500.0,0
12,372,1090.0,1,1050.0,0,16400.0,0
15,111,12550.0,7,104720.0,2,87800.0,0
18,297,2510.0,7,11470.0,2,30600.0,0
1,311,8120.0,4,38480.0,0,63100.0,0
4,328,13750.0,3,29800.0,2,100000.0,0
6,17,8600.0,1,8380.0,1,83700.0,0
7,153,6080.0,9,46620.0,4,500.0,1
20,428,6790.0,5,28190.0,2,66200.0,0
16,124,1130.0,1,1310.0,0,20000.0,0
7,153,14540.0,5,50130.0,1,100000.0,0
20,164,4800.0,14,80520.0,3,26700.0,0
10,92,3000.0,3,7450.0,1,32100.0,0
11,81,4430.0,13,56970.0,2,26100.0,0
9,176,14470.0,3,51260.0,1,100000.0,0
3,437,1600.0,2,2030.0,2,3200.0,1
19,5,13040.0,3,45130.0,0,16200.0,1
1,145,10680.0,4,40190.0,1,86400.0,0
4,35,12480.0,1,12760.0,0,100000.0,0
5,282,14640.0,8,80760.0,2,3600.0,1
6,129,12660.0,5,58240.0,2,100000.0,0
3,397,14160.0,10,142180.0,0,80000.0,0
1,294,2080.0,7,12720.0,1,15700.0,0
14,392,11980.0,6,49810.0,2,100000.0,0
20,319,8280.0,7,43270.0,0,74800.0,0
3,222,8240.0,2,18340.0,3,73400.0,0
6,431,13500.0,10,83790.0,3,99100.0,0
11,240,14580.0,1,14950.0,2,100000.0,0
19,475,10630.0,10,127520.0,2,62000.0,0
14,497,7350.0,14,62200.0,0,54700.0,0
16,296,6950.0,11,53260.0,2,55000.0,0
12,338,5920.0,6,35680.0,1,49700.0,0
9,131,5550.0,4,14120.0,0,53300.0,0
4,408,5990.0,13,74280.0,2,500.0,1
18,337,1530.0,3,4640.0,2,23000.0,0
17,451,1350.0,7,9000.0,1,19800.0,0
1,137,11740.0,11,105780.0,0,70400.0,0
15,394,6800.0,13,90020.0,1,37700.0,0
2,237,13970.0,13,173720.0,1,66200.0,0
15,96,9260.0,1,6710.0,3,95500.0,0
17,89,720.0,13,8780.0,2,13000.0,0
3,283,2530.0,1,2860.0,1,24600.0,0
9,163,3250.0,8,26000.0,0,25700.0,0
3,55,14640.0,13,168070.0,2,76000.0,0
12,216,3440.0,9,24550.0,2,30900.0,0
19,328,7830.0,14,71420.0,1,57800.0,0
2,162,14060.0,5,52500.0,2,100000.0,0
8,477,14660.0,4,35580.0,1,100000.0,0
20,390,3700.0,4,17640.0,1,40100.0,0
7,258,930.0,5,3410.0,6,2000.0,1
3,467,2470.0,10,26900.0,3,15000.0,0
10,219,1140.0,6,4800.0,2,15000.0,0
11,74,3090.0,11,26180.0,0,25900.0,0
14,22,8610.0,6,43960.0,2,5200.0,1
7,469,13700.0,4,43550.0,1,100000.0,0
20,480,8150.0,2,17590.0,5,83100.0,0
11,370,9460.0,8,88890.0,1,61600.0,0
6,55,3190.0,13,46660.0,0,15700.0,0
20,150,12050.0,12,100080.0,3,87900.0,0
19,25,9340.0,3,29870.0,1,89200.0,0
10,30,12990.0,7,62630.0,1,100000.0,0
1,126,14240.0,10,163480.0,2,500.0,1
12,288,5350.0,9,43850.0,0,500.0,1
12,37,1540.0,1,1230.0,3,22200.0,0
3,492,3540.0,8,19660.0,2,28000.0,0
13,230,6680.0,0,0.0,0,71700.0,0
17,135,14200.0,1,10630.0,1,100000.0,0
3,260,5800.0,9,59950.0,1,32900.0,0
15,396,11610.0,1,12520.0,1,100000.0,0
3,159,8200.0,5,48460.0,0,61200.0,0
15,28,2910.0,8,15380.0,2,30400.0,0
9,30,4950.0,9,42560.0,0,35800.0,0
1,426,9870.0,6,44670.0,0,77200.0,0
20,60,10160.0,1,9410.0,0,100000.0,0
4,319,6630.0,11,57780.0,1,42800.0,0
12,195,3580.0,14,38600.0,3,26200.0,0
4,389,10880.0,13,133560.0,1,53700.0,0
19,34,2700.0,11,21090.0,2,28500.0,0
15,449,14060.0,6,74360.0,0,100000.0,0
17,350,2980.0,13,38370.0,3,23600.0,0
9,227,1790.0,7,8480.0,1,18400.0,0
10,107,7570.0,2,17540.0,3,71800.0,0
13,488,7890.0,12,85540.0,2,49300.0,0
16,154,7720.0,4,33710.0,2,70300.0,0
17,247,6660.0,14,92530.0,0,37100.0,0
1,200,14920.0,5,76540.0,1,100000.0,0
14,119,7400.0,13,99060.0,1,40500.0,0
3,211,7270.0,8,65430.0,0,44800.0,0
6,79,6440.0,7,43640.0,0,47800.0,0
17,5,1190.0,4,3650.0,0,20500.0,0
6,148,8980.0,12,71090.0,0,61600.0,0
16,60,3570.0,0,0.0,2,44100.0,0
10,210,9640.0,7,43170.0,3,82700.0,0
5,432,950.0,5,3540.0,1,1900.0,1
7,85,14720.0,8,74950.0,3,7000.0,1
11,5,7140.0,3,19910.0,3,10700.0,1
16,59,13470.0,9,84400.0,1,100000.0,0
13,256,7240.0,5,34980.0,3,63200.0,0
19,141,1090.0,2,2340.0,1,21300.0,0
18,247,12370.0,2,27040.0,0,100000.0,0
16,19,9790.0,10,76920.0,1,73000.0,0
13,169,11770.0,3,32820.0,1,100000.0,0
6,208,6540.0,4,24530.0,2,56400.0,0
9,218,9640.0,9,76670.0,3,67200.0,0
3,277,12870.0,4,51120.0,1,100000.0,0
8,391,9540.0,5,34630.0,1,83000.0,0
19,236,5350.0,3,19060.0,2,54600.0,0
9,421,10010.0,5,32980.0,1,88700.0,0
3,267,10140.0,10,111290.0,2,54300.0,0
14,133,14420.0,8,110340.0,2,100000.0,0
20,118,5690.0,14,59500.0,2,42700.0,0
18,164,6490.0,11,74770.0,3,44000.0,0
6,300,12220.0,0,0.0,0,100000.0,0
10,125,7690.0,5,40940.0,1,63500.0,0
11,457,11100.0,4,42360.0,1,96500.0,0
5,242,7000.0,8,37320.0,1,2200.0,1
6,432,3390.0,3,6590.0,0,33500.0,0
5,343,11230.0,14,165160.0,3,500.0,1
20,170,2140.0,4,6640.0,0,29600.0,0
15,117,3140.0,7,24920.0,1,29000.0,0
17,373,9480.0,1,10020.0,3,97800.0,0
17,168,11260.0,13,149150.0,1,58300.0,0
20,127,13440.0,13,134040.0,3,87700.0,0
3,465,4230.0,11,47710.0,1,23500.0,0
18,243,1840.0,5,10750.0,1,23500.0,0
2,29,14350.0,0,0.0,1,100000.0,0
10,249,2490.0,10,19810.0,2,21300.0,0
12,233,3130.0,6,13910.0,0,32000.0,0
8,432,4510.0,14,52780.0,1,26700.0,0
3,357,8030.0,10,83950.0,0,45300.0,0
4,99,13270.0,8,93900.0,1,91600.0,0
17,79,11460.0,14,151200.0,1,59800.0,0
7,303,10680.0,12,101050.0,3,66800.0,0
7,28,2790.0,6,11460.0,3,26000.0,0
19,162,5490.0,0,0.0,0,63800.0,0
3,73,7280.0,1,8120.0,2,68700.0,0
19,15,2380.0,6,13730.0,2,29000.0,0
19,459,4250.0,8,28110.0,0,39700.0,0
12,49,4760.0,0,0.0,0,53900.0,0
4,9,2080.0,1,1330.0,3,5300.0,1
4,466,8340.0,10,62740.0,0,57700.0,0
6,98,10630.0,11,86300.0,0,71100.0,0
12,409,1230.0,0,0.0,3,18100.0,0
4,20,7320.0,7,52450.0,2,500.0,1
10,81,11780.0,1,11430.0,2,100000.0,0
3,59,11270.0,10,67960.0,2,83100.0,0
11,354,12260.0,12,104540.0,1,82400.0,0
1,311,6830.0,13,87130.0,2,500.0,1
15,240,12340.0,8,81720.0,1,94400.0,0
2,124,3760.0,9,39070.0,2,22100.0,0
4,48,5540.0,13,76260.0,0,24500.0,0
4,286,2810.0,9,21960.0,3,500.0,1
17,119,7120.0,6,44840.0,1,61700.0,0
2,297,6000.0,11,78230.0,2,500.0,1
9,345,3770.0,8,26440.0,0,31700.0,0
12,425,11330.0,12,133990.0,0,62300.0,0
11,249,4840.0,7,39000.0,0,38000.0,0
14,7,4240.0,7,22240.0,0,3300.0,1
17,143,2140.0,0,0.0,2,30000.0,0
8,427,6690.0,0,0.0,1,69800.0,0
17,268,4680.0,1,4630.0,1,53800.0,0
7,311,5670.0,8,48520.0,1,500.0,1
20,231,3690.0,10,35750.0,1,32500.0,0
11,85,11490.0,3,30930.0,2,100000.0,0
15,448,13960.0,2,27090.0,0,100000.0,0
18,387,7570.0,12,62770.0,3,58800.0,0
16,497,9720.0,11,77980.0,1,70900.0,0
18,428,13030.0,9,89350.0,2,100000.0,0
11,149,14980.0,7,100530.0,1,100000.0,0
1,130,9280.0,6,48170.0,1,69700.0,0
10,127,13370.0,0,0.0,2,100000.0,0
4,459,13650.0,2,30840.0,1,100000.0,0
18,280,11910.0,13,127630.0,2,74500.0,0
5,229,7020.0,5,30450.0,0,57600.0,0
5,484,1400.0,10,11840.0,2,11300.0,0
5,303,430.0,10,3050.0,0,4700.0,0
13,455,7260.0,4,30170.0,2,64300.0,0
12,492,7520.0,3,19610.0,2,12900.0,1
19,44,6230.0,10,37990.0,3,57100.0,0
9,183,8610.0,1,10150.0,1,84000.0,0
6,368,8370.0,7,63830.0,1,58000.0,0
1,407,12580.0,13,169120.0,1,53600.0,0
1,78,1810.0,10,20300.0,3,10300.0,0
8,162,3530.0,11,44420.0,1,20700.0,0
19,276,11940.0,1,9580.0,4,100000.0,0
11,400,12750.0,2,24650.0,1,100000.0,0
18,60,14920.0,4,57610.0,0,100000.0,0
3,302,13120.0,4,39900.0,1,100000.0,0
2,151,13370.0,2,19610.0,3,100000.0,0
17,112,4850.0,14,45380.0,3,38100.0,0
3,260,6140.0,2,12230.0,0,56100.0,0
2,209,4170.0,10,44560.0,2,23200.0,0
9,319,9170.0,8,77510.0,1,62500.0,0
19,162,14090.0,9,100150.0,2,100000.0,0
14,412,5300.0,3,11500.0,3,10100.0,1
2,43,8440.0,4,29440.0,1,70900.0,0
17,431,4590.0,9,38340.0,2,38000.0,0
17,19,2710.0,4,12480.0,0,31000.0,0
17,369,3090.0,10,34760.0,1,26000.0,0
19,176,1060.0,0,0.0,4,22500.0,0
5,194,14250.0,1,15820.0,3,27600.0,1
20,14,6160.0,10,72610.0,1,500.0,1
7,352,12540.0,9,99240.0,2,500.0,1
17,86,10280.0,0,0.0,1,100000.0,0
12,331,3040.0,13,25690.0,2,26000.0,0
16,363,2800.0,0,0.0,0,36600.0,0
13,423,12220.0,14,129100.0,1,500.0,1
13,355,4120.0,10,28920.0,1,36600.0,0
13,154,13720.0,14,225100.0,1,49700.0,0
16,370,2270.0,14,22790.0,0,22900.0,0
15,413,10230.0,4,48110.0,2,87800.0,0
3,161,12250.0,11,142360.0,2,62100.0,0
17,66,3680.0,3,10870.0,1,41100.0,0
11,445,4290.0,7,30200.0,0,35100.0,0
7,78,14470.0,3,34680.0,3,22100.0,1
11,298,4120.0,7,28490.0,1,34600.0,0
20,121,6560.0,13,60720.0,1,50400.0,0
18,67,6600.0,6,46040.0,1,56000.0,0
17,389,3940.0,1,3080.0,1,46200.0,0
10,76,11680.0,4,35190.0,0,100000.0,0
16,336,11620.0,11,131230.0,2,68400.0,0
8,348,5800.0,7,40350.0,1,44900.0,0
14,34,12560.0,8,87500.0,0,93800.0,0
13,90,3350.0,6,19690.0,1,32400.0,0
5,398,260.0,4,720.0,1,5300.0,0
6,256,8650.0,8,69480.0,2,59200.0,0
2,65,14910.0,9,102300.0,0,100000.0,0
3,495,770.0,13,7640.0,2,5300.0,0
9,136,3280.0,9,20580.0,2,29200.0,0
10,6,7880.0,6,37800.0,1,66500.0,0
4,462,12190.0,12,116840.0,1,73100.0,0
9,13,1520.0,1,1330.0,1,19800.0,0
13,278,6050.0,5,21610.0,2,56800.0,0
5,496,11260.0,5,40300.0,5,94500.0,0
7,291,5700.0,0,0.0,1,59200.0,0
8,294,2990.0,2,4050.0,1,31700.0,0
11,197,3090.0,11,34440.0,0,23000.0,0
8,67,6270.0,5,36570.0,1,50300.0,0
15,288,7300.0,2,12500.0,2,74600.0,0
7,449,12950.0,4,59090.0,1,100000.0,0
9,50,9710.0,4,25600.0,2,88500.0,0
8,440,10420.0,2,13040.0,0,99400.0,0
4,210,14750.0,1,15230.0,1,100000.0,0
14,270,6300.0,11,73220.0,2,40200.0,0
5,86,6170.0,12,81880.0,1,29500.0,0
6,312,13870.0,7,61560.0,1,100000.0,0
16,95,3840.0,9,36850.0,2,31700.0,0
19,140,11000.0,13,118110.0,2,69800.0,0
14,362,11370.0,12,106700.0,2,75700.0,0
19,30,1650.0,0,0.0,0,27800.0,0
18,226,7130.0,14,119550.0,0,31500.0,0
10,299,3170.0,1,2020.0,1,35700.0,0
16,70,2940.0,0,0.0,3,37500.0,0
7,150,7060.0,6,41670.0,1,55200.0,0
10,175,4480.0,11,51300.0,1,28600.0,0
11,333,11980.0,1,12300.0,3,100000.0,0
20,488,13630.0,4,60790.0,1,100000.0,0
17,418,12080.0,3,25740.0,2,100000.0,0
10,98,4140.0,5,12430.0,2,41300.0,0
14,13,4260.0,13,53120.0,3,500.0,1
5,30,3970.0,4,12900.0,2,35500.0,0
17,299,2200.0,3,4450.0,2,30200.0,0
12,82,14170.0,1,10080.0,4,32500.0,1
11,119,6150.0,2,9830.0,2,12600.0,1
16,424,3530.0,1,2270.0,0,42900.0,0
13,437,12730.0,8,64580.0,3,100000.0,0
2,420,6110.0,6,42140.0,1,43700.0,0
6,130,720.0,7,3970.0,1,9300.0,0
4,311,2600.0,12,37110.0,3,500.0,1
15,307,9660.0,8,91080.0,3,66300.0,0
1,96,11790.0,2,16170.0,2,22500.0,1
5,279,3320.0,5,17080.0,2,27800.0,0
12,265,13780.0,4,52940.0,0,100000.0,0
14,201,12790.0,12,155690.0,1,69200.0,0
11,377,12760.0,4,33570.0,3,100000.0,0
18,340,3570.0,2,5090.0,0,43200.0,0
19,268,950.0,11,6750.0,2,18200.0,0
3,364,13040.0,6,75300.0,0,96600.0,0
20,382,4730.0,1,5640.0,0,54600.0,0
13,285,9360.0,10,93900.0,1,60300.0,0
13,137,11450.0,3,35260.0,2,100000.0,0
2,380,2100.0,13,32510.0,4,500.0,1
13,360,11760.0,12,142080.0,2,63200.0,0
15,491,14090.0,5,43970.0,0,100000.0,0
12,79,10980.0,8,98400.0,1,73600.0,0
2,212,6730.0,8,44080.0,0,48500.0,0
11,462,13170.0,9,71430.0,0,100000.0,0
19,259,8010.0,1,7240.0,1,84800.0,0
15,471,11220.0,4,52160.0,1,95900.0,0
3,11,12340.0,2,18620.0,2,100000.0,0
20,22,11290.0,10,101040.0,2,80200.0,0
20,399,4460.0,1,3140.0,2,53300.0,0
4,182,1940.0,7,8620.0,2,17700.0,0
17,262,3730.0,10,24180.0,1,37100.0,0
9,216,7640.0,14,110830.0,0,34500.0,0
12,206,7680.0,4,34360.0,0,66400.0,0
9,470,8820.0,0,0.0,0,90200.0,0
16,51,6050.0,10,46770.0,0,50000.0,0
20,387,11850.0,0,0.0,2,100000.0,0
16,445,13710.0,0,0.0,1,100000.0,0
19,330,3850.0,14,50240.0,1,28200.0,0
19,200,11100.0,12,135860.0,1,63700.0,0
2,84,10230.0,10,101150.0,3,500.0,1
6,342,7940.0,12,79350.0,1,48700.0,0
15,237,2990.0,1,2790.0,4,36600.0,0
12,78,11970.0,1,7860.0,2,100000.0,0
2,183,14420.0,4,39950.0,0,100000.0,0
2,480,10880.0,0,0.0,0,100000.0,0
11,136,13780.0,13,189330.0,1,62800.0,0
13,93,14770.0,0,0.0,0,100000.0,0
4,342,5410.0,8,49770.0,0,34600.0,0
4,103,9650.0,12,114600.0,1,50200.0,0
3,460,7210.0,11,91760.0,0,34500.0,0
12,430,14800.0,3,37740.0,1,100000.0,0
1,491,1590.0,7,6700.0,3,13000.0,0
12,456,6300.0,8,32130.0,1,54700.0,0
10,125,13160.0,11,96370.0,1,94300.0,0
10,110,4400.0,6,17350.0,0,42300.0,0
14,174,11860.0,4,38470.0,1,100000.0,0
11,237,5870.0,11,65910.0,0,37000.0,0
15,440,14700.0,13,205320.0,1,68000.0,0
16,368,13280.0,7,88700.0,0,100000.0,0
19,323,4660.0,0,0.0,0,55800.0,0
16,439,11600.0,7,85160.0,0,86200.0,0
11,324,5190.0,13,54850.0,1,33900.0,0
10,192,9170.0,14,78030.0,2,62800.0,0
5,209,9950.0,6,45870.0,2,6100.0,1
12,260,12480.0,2,19930.0,0,100000.0,0
3,48,560.0,8,3430.0,2,500.0,1
19,372,3460.0,12,45140.0,1,26400.0,0
17,328,10740.0,14,158770.0,1,49200.0,0
3,366,8540.0,0,0.0,2,83600.0,0
16,269,7530.0,4,20580.0,0,73500.0,0
3,392,1020.0,7,7740.0,2,8200.0,0
15,475,5350.0,1,5380.0,1,58700.0,0
2,287,13000.0,13,121160.0,3,76600.0,0
10,224,660.0,1,650.0,1,11100.0,0
14,56,6070.0,9,48630.0,2,47200.0,0
15,390,14190.0,13,159310.0,2,81500.0,0
9,452,950.0,10,6340.0,3,12200.0,0
19,351,11300.0,11,113240.0,5,74300.0,0
16,433,4010.0,3,7940.0,2,44500.0,0
5,431,13030.0,12,109230.0,2,84400.0,0
14,400,11240.0,6,45830.0,2,97800.0,0
15,253,13310.0,0,0.0,0,100000.0,0
7,54,3400.0,5,13110.0,2,31400.0,0
15,6,8060.0,5,32770.0,1,73200.0,0
18,106,11730.0,7,65130.0,3,98600.0,0
17,218,3840.0,3,13120.0,2,41700.0,0
16,373,3620.0,6,20370.0,1,36500.0,0
13,230,600.0,6,4150.0,3,2100.0,1
6,16,14390.0,4,44890.0,0,100000.0,0
16,109,10710.0,10,71640.0,2,83900.0,0
8,489,9610.0,4,35890.0,0,82800.0,0
11,494,11210.0,11,99550.0,1,74400.0,0
7,191,8070.0,3,26170.0,1,70900.0,0
7,403,7250.0,12,98110.0,1,34700.0,0
4,361,6850.0,5,30260.0,1,57100.0,0
20,465,9680.0,0,0.0,2,100000.0,0
3,444,3180.0,2,5930.0,0,30100.0,0
2,316,13340.0,12,122070.0,2,80900.0,0
19,200,12210.0,13,141810.0,0,71500.0,0
12,315,5370.0,3,10030.0,0,54600.0,0
9,162,8760.0,9,85340.0,3,55800.0,0
15,177,2290.0,8,12110.0,2,26900.0,0
8,306,14590.0,2,22910.0,0,100000.0,0
3,287,13560.0,6,76410.0,2,2200.0,1
15,292,13840.0,10,86610.0,2,100000.0,0
4,195,5120.0,14,46420.0,1,33000.0,0
12,207,2700.0,12,32970.0,2,20800.0,0
19,10,3330.0,1,2140.0,0,42600.0,0
19,302,1530.0,3,4070.0,3,24600.0,0
8,290,1980.0,6,9540.0,6,19800.0,0
16,468,1260.0,2,1860.0,1,21400.0,0
13,254,14850.0,8,84740.0,2,100000.0,0
10,236,1300.0,0,0.0,0,18000.0,0
3,38,2160.0,1,2530.0,5,4400.0,1
8,102,12440.0,0,0.0,1,100000.0,0
14,172,8790.0,4,41340.0,1,76200.0,0
20,191,11660.0,11,122730.0,3,74600.0,0
1,184,9540.0,2,18790.0,1,85200.0,0
15,200,13260.0,14,190460.0,1,60700.0,0
17,385,9650.0,4,39470.0,2,86800.0,0
20,69,7930.0,0,0.0,1,88200.0,0
9,169,10750.0,5,47840.0,0,88900.0,0
3,85,6820.0,11,69020.0,0,500.0,1
6,157,5320.0,1,4230.0,3,53000.0,0
18,343,7120.0,1,4720.0,2,77300.0,0
18,28,2710.0,12,32480.0,1,23300.0,0
13,173,11990.0,8,59490.0,2,98800.0,0
3,16,4060.0,5,15540.0,1,3400.0,1
3,477,2470.0,11,17840.0,1,18600.0,0
10,364,3850.0,12,33010.0,2,28800.0,0
12,125,12660.0,5,62240.0,0,6800.0,1
1,103,5090.0,8,39790.0,1,32600.0,0
14,53,10350.0,0,0.0,1,100000.0,0
11,239,12870.0,4,33670.0,1,100000.0,0
1,377,1350.0,8,9290.0,2,9900.0,0
2,294,11520.0,2,18700.0,1,21300.0,1
10,441,4750.0,14,68650.0,1,25000.0,0
15,175,3410.0,14,45230.0,2,22700.0,0
17,142,10400.0,3,27920.0,6,99000.0,0
9,241,13660.0,5,60940.0,2,100000.0,0
6,105,4570.0,2,10780.0,1,42600.0,0
20,487,8620.0,7,63580.0,1,69300.0,0
10,96,4490.0,1,4030.0,1,48100.0,0
7,242,8400.0,5,37280.0,0,70200.0,0
9,263,9400.0,8,46310.0,4,76800.0,0
1,33,9230.0,9,96820.0,2,50800.0,0
7,236,9430.0,8,59710.0,1,69700.0,0
11,230,2200.0,3,4970.0,2,25400.0,0
19,133,10460.0,11,138030.0,2,56200.0,0
15,68,10190.0,10,105080.0,1,64800.0,0
16,27,10300.0,11,71200.0,0,79900.0,0
11,9,1300.0,7,5800.0,1,2400.0,1
3,243,6810.0,13,54470.0,0,45300.0,0
8,49,6250.0,5,29990.0,1,52800.0,0
20,479,1480.0,12,11420.0,2,21900.0,0
1,126,3490.0,3,12150.0,1,29300.0,0
18,327,6730.0,3,23460.0,1,65900.0,0
14,338,11200.0,7,72730.0,1,87000.0,0
6,250,3710.0,8,28790.0,1,28100.0,0
16,442,12480.0,11,106410.0,0,86600.0,0
17,59,8280.0,4,21140.0,3,81200.0,0
1,120,11450.0,13,155170.0,0,49000.0,0
3,129,7190.0,4,19010.0,1,62700.0,0
14,72,7590.0,8,39550.0,3,66300.0,0
20,150,9370.0,13,95830.0,2,63000.0,0
1,159,13930.0,8,67700.0,1,100000.0,0
14,383,7480.0,10,64360.0,2,54000.0,0
3,154,8020.0,13,106830.0,2,37200.0,0
14,438,9110.0,14,137850.0,1,40500.0,0
13,387,11120.0,7,74930.0,1,84300.0,0
2,451,1260.0,6,8380.0,2,9800.0,0
14,57,7830.0,2,13220.0,0,78300.0,0
18,492,7330.0,8,65050.0,2,55000.0,0
18,308,13840.0,13,162630.0,0,78500.0,0
1,491,7500.0,7,38530.0,2,1000.0,1
5,180,7130.0,5,41590.0,0,54800.0,0
5,476,14440.0,1,11050.0,1,100000.0,0
10,296,6870.0,5,21150.0,0,64000.0,0
3,40,2880.0,3,6440.0,0,27500.0,0
18,208,3410.0,14,39150.0,2,27800.0,0
16,73,1610.0,7,9140.0,2,21800.0,0
17,470,210.0,2,380.0,2,11500.0,0
4,155,6590.0,1,7450.0,4,63100.0,0
1,115,11580.0,12,107750.0,2,68400.0,0
19,278,11060.0,13,131190.0,1,64500.0,0
6,215,680.0,11,6010.0,1,7600.0,0
14,53,8640.0,1,9440.0,3,88300.0,0
19,409,2480.0,1,1720.0,1,34600.0,0
1,423,14130.0,2,18710.0,3,27300.0,1
1,372,2680.0,11,26580.0,1,15300.0,0
1,310,9470.0,11,104500.0,1,50200.0,0
4,204,5030.0,12,65030.0,2,24300.0,0
2,273,9700.0,1,9250.0,2,20000.0,1
17,262,6300.0,2,13410.0,2,65400.0,0
13,86,11440.0,13,124270.0,0,68200.0,0
20,45,3610.0,13,29080.0,2,35100.0,0
17,130,13610.0,10,91140.0,0,100000.0,0
20,229,7600.0,1,4740.0,0,83500.0,0
5,84,11390.0,1,9080.0,1,100000.0,0
6,57,12780.0,0,0.0,0,100000.0,0
17,426,14980.0,10,121910.0,2,100000.0,0
5,190,3510.0,12,39440.0,0,21200.0,0
2,294,4450.0,9,35580.0,5,29500.0,0
14,264,3910.0,3,11810.0,2,41100.0,0
17,368,4090.0,11,45000.0,2,31700.0,0
20,371,8820.0,0,0.0,2,96400.0,0
19,151,14900.0,12,144420.0,2,96500.0,0
3,424,14860.0,13,183730.0,3,500.0,1
16,188,8000.0,10,76630.0,2,56500.0,0
17,418,9660.0,13,99060.0,0,63300.0,0
14,205,12930.0,8,82560.0,4,98900.0,0
17,59,14010.0,7,99680.0,2,100000.0,0
17,381,3220.0,4,12730.0,0,36100.0,0
9,19,8020.0,13,71000.0,1,500.0,1
1,387,12530.0,10,108340.0,2,76800.0,0
10,26,4690.0,2,10650.0,2,47100.0,0
5,107,6710.0,14,58410.0,0,44400.0,0
3,303,14790.0,0,0.0,1,100000.0,0
3,471,14780.0,8,82520.0,2,100000.0,0
14,207,13610.0,2,24620.0,3,100000.0,0
11,64,12020.0,9,92450.0,1,85300.0,0
11,120,4180.0,6,15200.0,0,41000.0,0
15,448,4950.0,6,34130.0,1,41600.0,0
11,364,8300.0,10,72460.0,0,57200.0,0
13,54,8500.0,11,109630.0,1,45800.0,0
2,195,7680.0,5,29650.0,1,62900.0,0
18,135,9620.0,14,150810.0,1,42800.0,0
9,93,6240.0,7,50380.0,3,500.0,1
4,424,11290.0,2,21090.0,1,100000.0,0
17,310,5140.0,0,0.0,0,60300.0,0
15,93,5090.0,3,15440.0,1,52300.0,0
2,327,2080.0,10,19330.0,3,500.0,1
4,209,2990.0,8,27910.0,1,19800.0,0
1,35,12790.0,5,55220.0,2,99900.0,0
6,227,6800.0,7,36230.0,2,54200.0,0
2,96,3570.0,12,29260.0,1,500.0,1
15,126,11440.0,8,93280.0,0,81600.0,0
11,440,8400.0,0,0.0,1,87300.0,0
20,356,510.0,0,0.0,5,17200.0,0
15,71,4880.0,7,35670.0,3,42300.0,0
13,426,2820.0,6,19560.0,2,27000.0,0
11,289,9910.0,12,76690.0,2,72200.0,0
2,437,4270.0,8,22750.0,2,33200.0,0
2,374,1160.0,11,12950.0,0,6500.0,0
13,172,1010.0,8,7990.0,0,14000.0,0
1,269,8810.0,5,28250.0,3,9800.0,1
1,267,520.0,9,5150.0,3,500.0,1
5,361,12760.0,9,104970.0,0,83000.0,0
18,127,2500.0,10,28610.0,2,23200.0,0
10,169,9180.0,2,20690.0,1,85800.0,0
15,126,6780.0,9,66360.0,0,47300.0,0
9,151,6750.0,4,24560.0,2,60800.0,0
4,84,1260.0,11,10410.0,2,10700.0,0
8,23,12080.0,11,120070.0,4,500.0,1
2,470,13420.0,9,79770.0,0,98000.0,0
16,41,360.0,14,5020.0,0,11600.0,0
4,444,2840.0,8,15460.0,2,22800.0,0
8,6,13580.0,0,0.0,0,100000.0,0
20,389,8330.0,9,47430.0,1,72400.0,0
12,167,2420.0,11,20760.0,0,22100.0,0
10,261,3200.0,1,2370.0,4,36400.0,0
11,144,9970.0,1,9690.0,2,98100.0,0
16,247,10930.0,4,46870.0,3,95500.0,0
6,228,9070.0,12,69050.0,4,62900.0,0
13,267,14310.0,7,111210.0,4,100000.0,0
18,199,7510.0,14,117380.0,0,35700.0,0
12,270,4640.0,13,48580.0,0,32000.0,0
9,413,7260.0,8,57810.0,3,51300.0,0
3,220,5520.0,10,46450.0,2,35900.0,0
5,183,3520.0,4,9750.0,0,33500.0,0
19,70,880.0,1,810.0,1,19600.0,0
11,183,5410.0,5,17630.0,1,51100.0,0
7,67,10730.0,8,96750.0,0,69100.0,0
9,95,470.0,2,1090.0,0,9200.0,0
12,476,6700.0,3,21970.0,4,63400.0,0
11,49,9730.0,0,0.0,1,100000.0,0
14,243,9230.0,11,94890.0,2,59100.0,0
6,417,11690.0,13,180960.0,1,42700.0,0
13,476,12200.0,12,109620.0,1,82200.0,0
9,77,10730.0,5,34630.0,0,94700.0,0
19,85,1720.0,8,12900.0,3,22600.0,0
4,189,7230.0,14,80700.0,4,40000.0,0
3,279,9130.0,8,57950.0,4,500.0,1
10,480,3830.0,4,9260.0,2,39700.0,0
11,107,830.0,5,3970.0,0,12600.0,0
14,86,3510.0,10,26620.0,4,31600.0,0
9,130,6930.0,6,29630.0,1,59500.0,0
19,437,6330.0,12,47420.0,3,53500.0,0
10,19,2810.0,12,27600.0,3,500.0,1
3,193,12400.0,0,0.0,2,100000.0,0
3,63,13900.0,10,111480.0,3,500.0,1
20,82,3180.0,5,16020.0,1,36000.0,0
3,458,13960.0,7,102990.0,1,94200.0,0
19,5,460.0,3,1100.0,3,3900.0,1
6,164,13890.0,5,75910.0,1,100000.0,0
2,458,14290.0,4,58020.0,1,100000.0,0
7,306,380.0,0,0.0,3,8100.0,0
13,40,11490.0,11,75910.0,1,500.0,1
9,235,14560.0,2,18090.0,1,100000.0,0
16,485,13610.0,5,81290.0,2,100000.0,0
13,203,14570.0,2,31160.0,0,100000.0,0
9,266,8340.0,2,19390.0,1,77300.0,0
13,268,1360.0,5,7760.0,1,16700.0,0
20,331,12780.0,13,101720.0,3,94700.0,0
9,97,9280.0,14,139680.0,0,38800.0,0
4,420,9300.0,5,40490.0,3,6700.0,1
9,494,6380.0,7,47950.0,1,46400.0,0
17,75,8660.0,14,73230.0,3,63100.0,0
5,410,2470.0,3,5730.0,1,24400.0,0
19,409,11150.0,14,164030.0,0,53800.0,0
12,372,1310.0,1,1410.0,3,18900.0,0
13,188,11000.0,3,32070.0,2,100000.0,0
7,237,12760.0,5,49810.0,0,100000.0,0
19,420,7190.0,0,0.0,1,80500.0,0
1,80,7750.0,12,109750.0,0,31700.0,0
6,415,4820.0,12,49950.0,0,29700.0,0
9,460,14550.0,5,63170.0,0,100000.0,0
10,342,11050.0,12,123500.0,2,63400.0,0
10,173,5660.0,11,52650.0,1,500.0,1
3,281,2790.0,12,31190.0,1,16700.0,0
5,29,3450.0,12,35580.0,3,500.0,1
2,466,7070.0,8,61990.0,1,45000.0,0
12,174,14150.0,1,16210.0,1,100000.0,0
8,33,11070.0,13,166830.0,4,500.0,1
12,398,3390.0,9,28640.0,1,28400.0,0
12,330,12920.0,13,145330.0,2,72800.0,0
15,313,5800.0,14,83080.0,1,31400.0,0
11,31,12810.0,2,28260.0,0,100000.0,0
13,376,3780.0,6,21270.0,3,36100.0,0
12,320,9360.0,2,19090.0,1,89300.0,0
14,397,13910.0,0,0.0,0,100000.0,0
13,414,4020.0,14,56610.0,1,22900.0,0
7,109,10460.0,13,142460.0,1,46800.0,0
5,109,14810.0,13,139620.0,1,500.0,1
16,462,2430.0,13,28400.0,3,21000.0,0
7,267,1510.0,9,12950.0,1,13700.0,0
11,221,10180.0,7,42860.0,2,87300.0,0
4,147,5230.0,14,81540.0,0,20000.0,0
9,321,1250.0,8,9660.0,3,700.0,1
11,378,7230.0,9,44080.0,2,58500.0,0
13,6,11360.0,3,37140.0,1,100000.0,0
11,278,4420.0,11,50090.0,1,28800.0,0
8,496,5160.0,12,65320.0,2,28400.0,0
20,143,12720.0,10,106240.0,2,92400.0,0
11,144,7900.0,7,61520.0,1,58700.0,0
15,182,8672.183938711716,8,69051.34506413528,2,500.0,1
4,242,14224.631665346944,1,16430.954059561107,3,27536.579163367358,1
5,295,11205.73201924276,13,165413.29704915368,3,500.0,1
5,221,3115.461634237065,7,15319.652584744435,0,1761.0997220319869,1
2,254,12405.439096667924,0,2298.5245432838083,0,28792.67706417075,1
1,293,8533.46199597849,4,29046.327030098975,2,8903.81202400437,1
13,7,3286.8259477886236,6,16158.539241769102,0,3013.4129738943116,1
6,52,3136.8838394977993,12,28313.983123113616,2,500.0,1
3,110,1965.9801691555315,1,1496.2789199815165,2,4801.16324005545,1
2,117,10514.671379080359,9,100914.62236621494,2,500.0,1
9,120,6041.592585744774,8,51156.52556958511,2,500.0,1
5,312,11340.820471103352,13,162478.85957008018,2,500.0,1
2,341,2249.35284488953,12,32849.63943245249,3,500.0,1
3,279,2264.257249918578,9,18794.118498153468,3,960.6431247964456,1
14,409,9185.179875197247,4,26941.232993497975,3,13726.30101950608,1
8,355,6742.675684512991,7,49111.958062934944,2,698.6436452801836,1
16,19,13329.867626935238,3,43011.73657239634,0,17395.957341900634,1
9,22,2675.0743153861035,12,27881.844763415695,3,500.0,1
4,113,3690.905253675447,5,15675.258323187258,2,2735.17095382534,1
2,270,509.44232021248536,6,2895.533099389131,1,500.0,1
2,60,12922.927512545799,10,110833.28439942143,2,500.0,1
13,6,1041.3408347258185,2,1182.5360444363816,3,4402.393313960583,1
7,121,7343.348159961259,10,68937.36608000612,0,500.0,1
11,49,5165.40560217176,10,51867.06497477242,3,500.0,1
13,476,7953.094381319959,3,21407.845280595644,2,13252.518682469734,1
2,327,6737.8524986437515,5,31124.926724417335,1,4294.963237677267,1
4,362,879.176890447444,5,3520.024251151843,1,1645.7631964780041,1
14,257,9963.732212893708,4,36507.81560252268,1,11616.901122667257,1
5,368,11038.065579971168,6,58979.022266927685,3,4499.438770245243,1
8,260,9023.41252243309,5,41880.95441616983,2,6098.72287485454,1
1,165,538.4802321457653,8,4355.350017732092,2,500.0,1
5,268,14498.719350159665,8,81201.76561405299,2,3436.5783527966273,1
1,133,13873.490146552569,10,161437.3593104938,1,500.0,1
10,255,747.2526176882307,4,2530.400790120985,1,2727.5403359664056,1
8,348,9022.467868079679,4,27508.8330183267,3,12023.500945019903,1
4,42,11058.871426824138,10,113405.14883376235,2,500.0,1
1,364,7749.558998526508,4,31303.677328317186,0,6363.385643372942,1
10,54,7647.393838766575,12,63680.2345712561,3,500.0,1
5,183,11807.91333513984,12,151178.2257627458,1,500.0,1
5,166,769.0992779280073,6,3418.697336328216,4,1347.6997753838134,1
11,207,5892.153200295358,2,10336.59312412559,2,11841.627059692231,1
5,224,6734.025191835039,3,15573.044195443033,1,11040.251918350383,1
3,279,12111.21171071667,12,164668.1609056465,2,500.0,1
13,37,4473.554660079966,12,53048.306649830294,2,500.0,1
7,215,13188.164445080247,11,118945.79909386075,2,500.0,1
7,136,9807.528203336691,9,85230.52810890623,3,500.0,1
2,211,11433.730236105996,2,17853.79876507047,1,20888.303449050934,1
17,15,6650.213721738015,10,72185.6752193558,1,500.0,1
1,250,571.1937284801684,8,5192.66144040014,2,624.7026719388718,1
7,10,9990.579009091023,8,71911.54402424273,0,500.0,1
4,128,5515.27566577905,4,15957.36207773286,1,7463.788651609422,1
8,137,6098.118087334521,9,46596.22001037344,3,500.0,1
9,97,6272.288246210228,7,50374.39124361606,3,507.5794005188327,1
6,224,870.3922919849956,5,3413.222038271081,5,1758.347129668901,1
9,388,2550.9767717746463,6,16136.233134060163,6,811.6567030081671,1
12,215,596.8336753046949,6,4093.006155484508,2,1973.3470121877958,1
8,426,2528.062182762723,6,15973.875634474554,6,591.0725465565102,1
7,247,561.5070445700858,7,4631.161942873928,3,1330.1408914017154,1
3,20,2112.697965140406,1,1820.469477106085,3,4932.1478921704365,1
13,129,8326.508621026234,10,69647.75608370779,2,500.0,1
1,189,14270.072010979751,5,66626.42960859407,2,7630.238919651703,1
4,301,7770.953655785572,6,38382.5752560175,1,3708.3875874065543,1
7,94,11101.543448224318,13,166500.76525915868,3,500.0,1
8,94,6237.359746887377,7,50371.38443721144,2,500.0,1
4,365,2203.394693525723,8,18262.80265058834,4,500.0,1
8,351,810.6409572431699,5,3782.8829030904753,1,1979.6337387181886,1
3,184,6779.223624259988,9,76381.35912589355,1,500.0,1
5,134,14602.42604650905,13,138776.88108466225,1,500.0,1
3,206,7959.128611717963,10,74138.869530592,1,500.0,1
13,142,12512.631133117735,3,42271.10561637508,2,15159.140394311316,1
8,167,9142.745232220761,11,86625.12074394576,4,500.0,1
6,61,11012.337037739366,9,95718.86252991341,3,500.0,1
8,72,3270.439887026963,10,28291.782854655143,3,500.0,1
9,321,10731.512903231078,4,37136.40221774029,3,12433.41532258577,1
2,374,8793.22868165818,12,72640.96309107458,1,500.0,1
2,217,6148.648286659257,1,5933.996745430211,2,12383.07191604648,1
2,383,9631.186141317372,4,34134.02621675067,3,9761.26236809759,1
4,147,3093.9133679211345,12,36220.95593774196,3,500.0,1
17,11,13161.770361472616,3,44240.139666161645,0,16702.40918369821,1
3,315,11614.510146206621,5,41707.82765268723,3,11737.088196978599,1
1,325,8182.964581699713,4,30055.629769364714,1,7767.940774026848,1
3,413,10116.373280818643,4,39166.15143651031,4,9090.282128523053,1
4,125,1665.8579868845998,6,7367.312071522032,3,1803.9283369765,1
2,76,11464.817844698671,10,104625.65894706738,3,500.0,1
11,234,658.751869067018,5,4018.253384516384,3,2082.196403313025,1
11,17,8114.1373983694775,11,64094.86571271605,2,745.2569999424322,1
1,266,7750.222284791769,12,87344.07432796448,2,500.0,1
4,53,10142.928934017325,10,106009.39473008072,3,500.0,1
3,256,8714.347116457004,8,57537.76110318015,3,500.0,1
5,431,949.9374850369189,5,3539.593652739973,1,1900.3125748154052,1
8,328,10803.16081487699,4,37114.01224535094,4,12503.07301446374,1
7,39,5995.892142898782,7,45010.8452092979,2,500.0,1
15,425,9138.714519143474,4,27059.222560760652,2,13763.38818089258,1
9,142,13092.568386209423,5,63390.181836163785,0,7050.039529600822,1
7,261,6414.033113735224,3,15292.453153141189,1,10653.06608483309,1
5,225,6692.123954110955,8,37342.42805632304,0,2026.6922920492134,1
15,11,808.7373888194122,2,1393.3496858892702,3,4002.5698202410035,1
4,72,7048.8252647964,11,69397.56168691406,0,500.0,1
10,32,3249.6637756860814,6,15850.599403675948,3,3390.350996455715,1
5,381,2254.6647696907,8,17819.385775648003,4,500.0,1
5,201,3359.3942245528124,5,15796.743731375056,3,2138.039286461588,1
18,21,12845.502427292076,3,44618.12969885313,0,15910.881986515249,1
6,30,1778.396948381518,1,2209.004491873865,4,4287.763808347505,1
4,195,14085.815048307712,6,75748.19830126788,2,4375.786406790532,1
7,134,579.0243892268968,7,3772.4390060841424,2,1260.975569075872,1
7,222,5899.287273755326,8,47457.449219182636,2,500.0,1
2,160,5040.23047927589,1,4679.734489706928,2,10453.437676472196,1
3,304,2488.537441854999,9,20801.854071340615,3,500.0,1
2,110,14038.187680290073,10,163855.68139515232,2,500.0,1
11,15,3276.3614373900946,6,15901.855564368392,2,3409.0359347523645,1
2,50,10640.818012907426,10,110676.53673095266,1,500.0,1
8,22,7955.33855456036,12,70893.3086150246,0,500.0,1
6,322,937.466186325595,5,3458.530211116368,4,1962.6690683720246,1
5,240,7785.324478181945,12,86109.04254240097,3,500.0,1
2,157,535.0799680267311,7,3166.559661996872,1,500.0,1
3,217,5105.37339294729,9,36785.765804739385,2,704.3670855490482,1
2,431,8855.518656622724,11,72948.58726060373,1,500.0,1
2,111,13744.996266349177,10,164003.11120117674,2,500.0,1
5,126,13969.277797388297,12,142613.65270794844,1,500.0,1
6,42,5969.841183816838,7,44861.52873651114,2,500.0,1
12,413,12265.521267405853,13,128622.56861208862,1,500.0,1
5,292,12027.244305934886,9,99663.96682929194,2,500.0,1
10,97,11968.324828937308,9,76025.53739829404,1,892.8271541997213,1
10,66,5590.347632325482,8,51279.01388253948,3,500.0,1
1,263,8777.083401950213,4,28085.614115128603,3,9817.739483978929,1
6,276,932.0821716396915,5,3423.534115657995,5,1989.5891418015426,1
6,232,14103.775108800148,8,82436.70320457267,2,2979.739864656887,1
4,233,14350.757647471979,8,82154.43381064435,2,3046.511547631566,1
9,348,8918.661149594038,6,48572.36888650676,3,2770.994849955439,1
2,77,10272.87290058841,10,103060.22590399475,2,500.0,1
4,59,7424.413462397312,7,52207.363001667196,2,549.7206963796726,1
5,111,14639.75317697018,7,72977.87353099443,3,7194.537752799563,1
4,230,8714.04760808759,1,9411.085179523718,2,17944.775295731877,1
7,279,5752.253013179417,7,48788.40456932231,1,500.0,1
9,16,3412.4285056377466,5,15789.065959370097,2,3483.0219864566993,1
9,352,5983.155670943743,2,9680.899434347477,2,11609.297412550128,1
2,99,13557.702078755554,8,85977.74491661675,2,1528.936076630997,1
5,278,839.8069100170387,5,3262.4113073006088,4,1692.5235568762685,1
2,296,2530.9271634836896,12,31557.269876651706,3,500.0,1
1,355,7841.957315997191,4,31037.604395600683,0,6662.824635176081,1
6,255,925.1892883010277,5,3410.2600384702146,5,1980.4971147338958,1
2,266,4623.996454841668,7,30836.480611463678,3,500.0,1
2,61,13174.476969540365,10,110999.78275061268,2,500.0,1
1,268,9755.452306096284,1,9433.602850806832,2,20066.33050968455,1
5,203,6355.904205431219,8,37004.30234294375,1,1891.5597603473445,1
7,231,8510.657623444873,11,75047.09848976486,2,500.0,1
2,177,530.5002814585251,7,3118.1458325615513,1,500.0,1
4,390,908.1419673200202,5,3528.1938882184672,1,1749.7403955077648,1
2,357,2603.855769601903,11,32175.921717981346,3,500.0,1
10,309,7641.929040883524,7,50136.472420128215,3,829.091324151062,1
2,288,4143.991323729633,8,31154.744883179264,3,500.0,1
10,277,2757.550850615486,6,16148.984620408364,4,1449.2310204181672,1
10,249,10832.296914994618,4,42391.03146673129,1,10592.198046109326,1
4,208,14205.73690186694,8,82853.57703482667,2,2769.002713449084,1
9,341,8963.844725598368,6,48453.97647849542,3,2916.8405699694167,1
9,24,1464.0001912748912,1,1944.541337366526,4,4195.29417390438,1
4,230,11284.899401061099,5,44315.60371755637,2,9907.59896275817,1
3,237,8091.105997828916,10,73970.0821252256,1,500.0,1
10,109,12524.545750610718,5,62446.12603167934,0,6181.621904961973,1
12,481,7152.061283228098,9,44466.494649525404,2,1922.6799604432351,1
4,381,11701.733574571961,2,19801.95628564846,0,20732.990170226058,1
2,237,14294.723040478812,4,65940.47341157937,2,8122.260304262841,1
2,424,8585.9086587807,11,73109.92867663517,1,500.0,1
8,158,3157.639448367602,7,15570.711002188107,0,2122.6238431508755,1
3,394,1659.0507529393087,1,2082.7238865529544,2,3326.53732772709,1
7,411,2522.0521078589663,6,17296.843857827153,6,500.0,1
4,188,1599.508739949766,2,2269.721844877006,2,3854.274084804606,1
10,14,7905.05906776467,11,64278.97614535257,2,500.0,1
6,313,9114.612622024388,5,41422.31043706576,2,6296.983960922581,1
2,157,3507.820933249557,10,30129.961057593042,3,500.0,1
7,151,13294.082679700765,5,63926.00018879972,1,7166.521780173853,1
12,119,3051.1109747991063,6,16167.10561572834,1,2355.2807864169945,1
10,31,12018.529551110587,8,88487.81357333918,3,500.0,1
6,342,6018.061859744119,12,74004.33349545483,1,500.0,1
2,318,3034.8701152824456,7,14998.630404904372,1,1189.0815264924863,1
10,169,5001.223157046787,10,50701.82516140764,1,500.0,1
5,32,1868.145214057884,1,2284.498621236926,4,4314.160357075848,1
12,56,4641.230257127117,12,52992.015556535895,2,500.0,1
4,412,9287.310433182249,5,40553.81564761971,2,6672.4139851787995,1
11,454,7128.304305315909,8,44462.29147488662,3,1871.4482098407484,1
2,53,5878.277943984958,7,44336.71504479183,3,500.0,1
7,125,8438.180229382895,10,61535.932477698654,3,500.0,1
10,336,12929.803021579864,13,131983.0609216294,1,500.0,1
6,122,7884.522735798625,3,23628.155459018282,3,10298.760202264213,1
7,25,12329.494388347024,9,88941.30962136056,3,500.0,1
2,274,2417.111228659741,9,18684.721436050295,2,993.7487692491154,1
2,319,5997.935787282394,11,77414.63597654561,2,500.0,1
11,9,7163.091240182809,3,19985.211468024005,3,10739.584983170529,1
3,70,2313.8126087029814,13,29644.262756082568,3,500.0,1
10,157,5520.026098587347,11,52696.99123833139,1,500.0,1
13,61,3157.8509628256375,6,16173.694503878125,0,2684.725193906288,1
11,14,3385.6992638964593,9,25442.13422763285,1,1627.2433139231368,1
3,386,673.7622442005195,5,3029.5606686313945,1,1059.2763953928852,1
14,141,8359.16870401859,10,69503.66748227093,2,500.0,1
2,369,570.6707881667868,5,2839.0655868299323,1,745.5197900728294,1
3,373,6597.393657350602,11,74299.90615780593,2,500.0,1
9,393,10233.902402434554,2,22908.073169536605,1,16857.409690474877,1
5,177,788.2387445476859,6,3417.66277056499,4,1425.2922076257537,1
9,238,2849.298304615245,6,15990.486134532022,5,1943.2468841514874,1
6,148,6068.258508306236,8,46499.767125055856,4,500.0,1
13,403,9168.498151434886,4,26999.42505313412,3,13551.724840597642,1
5,200,1252.2186517955643,3,3179.469582455206,5,2628.7193205767107,1
2,9,12967.008852527919,8,88229.69747482773,3,500.0,1
14,42,6671.93377878836,9,73475.12840136327,1,500.0,1
12,376,7583.674789166596,8,44367.51148077209,2,2785.117150980227,1
8,184,11285.786482431822,6,60569.921815759924,1,4347.437631535548,1
2,315,11355.444570040701,2,19115.71898094981,0,20549.39628439618,1
11,10,8550.454221915039,8,71952.78617079425,0,500.0,1
2,377,619.238883615247,5,2928.8109805933914,1,893.3357327420563,1
4,312,6423.7977048098355,11,74431.53207496782,1,500.0,1
3,134,3189.1063111241533,10,30000.314431643725,3,500.0,1
8,196,9057.382444762601,11,75205.44540474533,1,500.0,1
7,93,7701.669153844377,3,22714.982480875515,3,10397.304048826383,1
9,416,2502.431316360451,6,16111.68062440418,6,689.5107820257258,1
5,159,9445.048165613978,11,86489.4952439229,3,500.0,1
11,355,12776.69558055006,13,131361.17278277475,1,500.0,1
16,196,8571.785400982122,8,68838.56010357405,2,500.0,1
13,172,8081.528484247299,9,68820.81129196096,2,500.0,1
5,166,14250.290399612295,7,75541.18622117763,2,5056.374067361223,1
4,8,1996.6901821555143,1,1318.1720628986225,3,5228.00386112205,1
13,130,693.2921361845811,3,2246.6060310348557,4,2956.904130317651,1
9,246,796.9581401425735,5,3708.336291801502,4,2040.315715108311,1
11,408,8735.291724866389,4,28290.86433666619,1,11626.048873464313,1
6,30,11697.423380255523,10,117572.94302082947,3,500.0,1
3,80,2100.3049782450876,1,2476.700873433114,4,4272.082096239474,1
6,235,6604.0557277525095,3,15939.338647668117,1,10747.403552784934,1
12,34,4798.186262716865,11,52375.237191997876,3,500.0,1
3,62,3510.541042055256,12,32391.505118423174,1,500.0,1
3,332,2444.201198213868,12,35676.65102356759,3,500.0,1
2,318,6482.045538207249,5,31064.317409749452,1,3778.001436098272,1
3,331,598.416894625207,5,2867.409463932157,2,869.6030498586601,1
8,89,7652.777704878626,13,71593.34439802862,1,500.0,1
1,454,6517.137806947998,8,38245.17054813595,2,899.7079394844895,1
1,333,12316.842211069947,2,18703.053035291457,1,23131.82117487344,1
6,129,7605.752394091461,7,51785.96586515889,2,636.0725686149814,1
11,188,5903.56851988462,8,47655.38670709377,0,500.0,1
4,393,6130.77981980661,12,74334.146084541,2,500.0,1
5,8,1931.6370412108527,1,1308.9361231348742,3,5171.785097342712,1
13,13,4513.020459085537,12,53064.600095559705,2,500.0,1
8,58,11950.022300626986,10,120354.58275231144,3,500.0,1
16,193,8504.62105044861,9,68861.9659539032,2,500.0,1
11,101,5035.591917858862,11,52859.62271329024,1,500.0,1
2,56,11056.113921646782,10,109597.65706561721,1,500.0,1
4,300,5887.491334771821,7,38076.48193790457,1,770.950473689179,1
4,235,9867.414793319665,5,45186.44859701508,2,6176.232498474155,1
12,385,11928.125126186422,12,127238.96296054646,1,500.0,1
7,53,11559.819266932547,7,84705.66734221597,3,500.0,1
9,278,10576.150208501916,4,42073.24517846227,1,9941.558016248186,1
4,193,7902.3534501587565,9,74211.47994129357,1,500.0,1
11,235,587.9356521252255,6,4300.804348434681,3,1858.713042504511,1
7,134,3635.458147774323,9,37432.64275619055,0,500.0,1
3,208,2760.7237009182395,12,34012.534638384444,3,500.0,1
9,155,5788.301476255369,10,52147.8545670695,1,500.0,1
9,437,2460.235553362783,6,16126.423722319028,6,536.9959760100592,1
4,427,924.2672962558421,5,3492.450438733621,1,1821.6830755612586,1
4,25,2035.4477031535882,1,1417.133253124398,2,5165.94884134708,1
9,223,5254.860993247121,9,49874.35420642783,1,500.0,1
2,55,10670.883372219327,10,109342.67638676982,1,500.0,1
11,64,3849.9572545249594,7,21714.52574567946,0,2794.389033643466,1
4,390,6158.501360084474,12,74344.8082154171,2,500.0,1
9,406,2520.144713001925,6,16105.491606300533,6,753.5351072358744,1
11,477,7201.796710408165,8,44485.063769422246,3,1949.0810321213016,1
6,24,10138.006095773733,10,111750.4549888133,3,500.0,1
4,317,834.0338871247052,5,3507.2916091890193,1,1483.711389678429,1
4,93,6949.282505906133,10,68999.58697275167,0,500.0,1
3,281,13593.572435608174,6,76367.74503794144,2,2338.920423206235,1
2,288,11672.152484720325,1,18539.48748864669,1,21651.121118585368,1
9,256,11578.489482526229,4,40000.476063713235,2,13272.200193359102,1
9,48,10173.132657401862,10,114150.24419881917,3,500.0,1
2,278,11944.380141999258,1,18252.302267781004,1,22279.338789229056,1
2,216,8601.007626500068,10,86278.0017364405,2,500.0,1
4,235,14362.843068124097,8,82096.1701468832,2,3069.6379698671,1
3,269,8949.772818935551,8,57771.25312432417,3,500.0,1
2,231,518.2611085062563,6,2988.7602899232807,1,500.0,1
9,9,9016.667213662622,8,71824.60901403346,0,500.0,1
11,208,595.1773245689088,6,4063.191842240359,2,1907.0929827563539,1
11,270,5386.93753678202,8,43866.16017234213,0,500.0,1
10,108,12520.292836903944,5,62452.5978568853,0,6162.2064293440935,1
5,313,527.3862460144873,6,3186.217447101377,1,1043.7999420289057,1
9,240,577.981341722301,6,4425.233228471238,3,1659.6268344460184,1
8,317,1202.289871216772,8,9365.24290299677,3,686.9287318402115,1
8,62,6611.9083770317975,10,70151.89231281189,0,500.0,1
2,278,5634.939734120116,9,37171.49931250724,2,769.7456461876686,1
5,235,13126.796951216655,7,76305.36158241949,1,1844.229380226238,1
2,257,512.3126752052449,6,2925.8768521697316,1,500.0,1
5,140,10679.358208965354,10,114025.92993384763,1,500.0,1
1,396,14143.682670211658,1,18380.475692402582,3,27334.206675529145,1
4,290,9700.311072318498,5,43803.3439524208,2,6330.482087090617,1
3,222,12700.379538159092,6,75287.13533168749,1,1803.9688929188226,1
1,272,8820.492336069312,4,28213.398827665194,3,9909.80351700442,1
2,335,2075.3187860411767,13,32116.39958791982,4,500.0,1
7,19,12289.817697994358,6,84487.01215177999,3,500.0,1
2,94,12088.210019011605,1,15406.933186646775,2,23752.983273158006,1
4,235,6884.0372665908835,10,74599.5826317502,2,500.0,1
5,266,14476.70143201456,8,81270.61268646193,2,3411.109865389978,1
4,262,2317.435781787075,9,18696.167192687048,2,1003.0419105658366,1
6,310,5670.330542314666,7,48510.78613297868,1,500.0,1
13,470,8123.224322576942,3,22114.08236232521,2,13390.996541632394,1
3,214,13288.530035046064,4,40602.6935905483,3,16346.087833016547,1
12,11,3854.1463229351275,6,19667.64215290085,1,3380.3861827218484,1
12,51,6830.960449807958,9,73743.87114773747,1,500.0,1
2,286,10842.059943057433,1,15179.926627413597,1,20815.75710218388,1
13,6,4606.336368859618,6,21945.66767605417,0,4234.789355021093,1
2,427,8896.602699722964,11,72939.92307790533,1,500.0,1
4,114,3686.9201963218743,5,15676.718685819935,2,2727.9929002071026,1
11,89,9310.192511895773,8,70403.54233864477,1,500.0,1
8,151,6998.801024967675,12,62556.202681278824,3,500.0,1
12,314,7291.463259530345,8,50826.11904205855,3,868.7911507944457,1
7,64,3853.4481127428,9,37071.99679429413,0,500.0,1
4,249,6513.913902221863,8,37296.8004362424,1,2012.194007676629,1
1,158,11048.839690530776,1,13716.014669125827,2,21613.444605898057,1
4,353,2877.6566050075508,6,15274.686789984898,2,998.9327058421428,1
12,352,7652.979043820146,8,44339.99361495377,2,2948.1859854591685,1
7,424,13868.853270713938,4,61919.761761740425,2,9562.702172585206,1
13,19,4318.9304654909065,12,53100.21620087091,2,500.0,1
1,272,8786.942624193896,4,28095.569203903306,2,9855.409197673584,1
12,290,5373.32745950154,9,43857.98044667158,0,518.4164153959528,1
2,318,12326.839881432434,4,40042.9700331154,4,14001.117612769793,1
9,160,584.6269341136127,6,3873.284814045029,2,1485.0773645445092,1
3,291,14172.160152231287,4,64783.335554889505,2,8536.81124980594,1
4,381,8798.016057910352,5,39798.135175467745,2,5717.857504607211,1
13,7,3261.0007763209956,6,16162.986802543077,0,3025.0194080248875,1
15,114,6455.791535440292,9,46001.91897753371,0,820.4824783766719,1
3,269,8819.743821976459,8,57476.12168774503,3,500.0,1
13,218,8042.090144932497,7,44185.49361892386,2,3863.741517488229,1
12,63,12733.292305931302,11,165810.547547596,2,500.0,1
1,295,7113.524725645065,12,87241.08863519426,2,500.0,1
7,237,13962.58909840025,12,175396.23105441482,2,500.0,1
12,413,6515.4816395003445,9,44248.71740298696,1,1420.1170838160615,1
7,18,10085.14323897591,10,112251.97439945932,3,500.0,1
1,308,6884.666204212115,12,87142.71717836276,2,500.0,1
3,443,7001.905842025597,7,39762.49345135992,1,884.1641493082783,1
5,112,14640.486051439972,12,140223.60710061577,1,500.0,1
5,209,6248.083029162592,7,49896.88866945999,1,500.0,1
9,257,10767.064387153066,4,42310.10127176209,1,10426.500448650839,1
8,100,12381.169522992006,11,157830.28283660015,1,500.0,1
7,65,3857.744999789588,9,37087.887169033194,0,500.0,1
6,62,12778.953352332448,6,83806.84628157962,2,1047.2368992170755,1
10,59,8132.447966625789,12,70503.90602959211,1,500.0,1
2,175,14451.524626507604,5,68352.0143059899,3,7650.849390284597,1
16,200,10732.42995824241,3,39057.03695091499,0,12769.828316306286,1
4,347,8358.338415674918,4,25224.917760799453,2,10885.388303416863,1
1,466,7296.393778496845,7,38472.735750202235,1,971.0786617183019,1
2,391,11611.147241084607,3,36821.716812611194,6,13474.98659174678,1
1,44,12300.634627923606,9,88402.65167434733,2,500.0,1
2,361,523.2339497302021,5,2751.4105592840688,1,601.1468035267019,1
2,261,7015.569805702398,1,6934.818236098874,2,13893.380169440366,1
2,344,7603.056468069774,4,32396.415685348144,0,5587.029478200102,1
6,47,3660.0082700184093,10,36356.63435704921,1,500.0,1
4,252,2370.1138291550906,9,18486.252280207278,3,1225.284572887726,1
3,216,10063.216702574857,7,59466.857115911575,3,1776.7134041740728,1
6,244,14155.227895029457,8,80013.60485425171,1,3122.922690346449,1
1,128,11405.091231230392,1,14895.565224935075,2,22039.582812476543,1
5,233,13509.34611293902,1,16789.583270334373,2,25602.47891065372,1
10,137,5346.655339248327,11,52755.194278966635,1,500.0,1
9,143,11640.125701748742,10,121033.0932003817,3,500.0,1
11,340,11573.695471022544,11,124979.06745285017,2,500.0,1
10,58,12846.32154868387,9,75506.8827595243,1,3229.439649054227,1
2,62,13580.710937481836,10,111268.66540561119,2,500.0,1
3,375,6691.249408918834,11,74243.74051119818,2,500.0,1
4,265,9147.312054087657,4,30664.30438713134,2,10331.200085177412,1
3,77,10454.060813819251,9,99594.52579539352,3,500.0,1
12,205,677.876344091716,6,4333.565668216188,2,2133.375576039307,1
5,38,3607.4371812843756,11,35657.16639308023,2,575.3924530094193,1
9,443,13565.233998128722,4,60670.92773657688,1,9645.021136975987,1
12,75,4538.106530901678,12,54495.29394048638,3,500.0,1
7,256,11947.439644821212,4,40655.52442203345,2,13634.677545789262,1
5,180,6411.0853384949205,7,50285.13053350608,1,500.0,1
3,286,13653.945700704324,6,76788.39240561464,2,2321.781463875974,1
6,323,6317.460473518398,1,8790.7157158638,2,12347.877790331346,1
9,126,3434.9928032534017,8,21155.476415494166,1,2256.4721523655207,1
4,332,848.6960243334728,5,3511.427083786364,1,1536.3447027355433,1
2,78,11245.048182762894,10,104007.07022559692,3,500.0,1
4,119,5395.929302041257,4,15923.134441340135,1,7130.519560417096,1
5,160,11786.783951592035,12,151511.0404191805,1,500.0,1
9,140,13040.916939373174,5,63252.84272896913,0,7020.1832019498115,1
4,100,3896.60514323997,10,34027.96794193202,3,500.0,1
10,37,7761.750800526436,12,63878.41880815215,3,500.0,1
5,372,1430.3758820155963,2,1891.6224300653548,2,3304.155160165862,1
6,136,3825.0503803786473,9,29125.05130320304,3,500.0,1
2,332,13698.886859181117,0,8991.774861781583,1,29585.41905976275,1
2,194,3461.668137493887,6,15178.631251357694,1,2096.7028737490614,1
6,305,12135.013031287095,9,99574.85935508297,2,500.0,1
8,178,11432.233496105258,6,60747.89849809959,1,4608.801990216183,1
14,6,981.613832854317,2,1174.0562849114153,3,4350.777386417311,1
11,104,996.0123747970538,6,5083.457740593055,1,2269.719589198737,1
9,180,6808.770215460868,7,50281.19954003731,3,633.5141350847107,1
2,62,13476.418652379502,10,111199.63526848042,2,500.0,1
9,356,2618.1364020662495,6,16071.253546266009,6,1107.7219351792155,1
12,10,3266.8309633068316,6,16063.873623783864,1,3170.7740826707873,1
5,244,14239.559033972568,8,82012.12511019025,2,3136.8033601921497,1
4,421,888.9553324415091,5,3427.200070815832,1,1714.2118813437232,1
1,327,13447.569365513182,2,17969.241960856187,2,25900.142288232168,1
1,415,6839.903979872872,7,38049.189318672834,2,918.506664181836,1
6,182,1277.9078190803239,3,2780.74064027211,5,2998.344176491364,1
7,274,12006.186026924344,3,39525.64004069512,4,14159.5776847191,1
2,208,13092.020248427705,11,164120.7328845985,2,500.0,1
2,291,12581.330461776273,4,41037.4686839626,3,14253.803295380698,1
6,106,14225.748137848666,3,35904.43141286253,3,20910.46171030195,1
4,282,14511.340419934842,7,80241.78780251533,2,3433.2190628784997,1
4,91,13545.006571854294,10,112847.42955895838,3,500.0,1
5,75,12264.051549845684,5,63054.06440383478,2,4790.666577407133,1
11,83,11850.559326330942,10,75997.09162471762,1,796.1115240399035,1
2,262,10286.357897004176,1,10096.675029300535,2,20979.410992798184,1
5,187,806.0060239241175,6,3416.702377085183,4,1497.3217186112872,1
3,43,10309.968219953727,10,110119.01945172105,1,500.0,1
9,47,7408.469026400675,3,21250.73753304289,3,10555.316093556523,1
17,14,6498.581335138544,10,72316.9269088317,1,500.0,1
14,45,6862.782199776777,8,46319.35245609718,0,1440.048603436645,1
7,165,12540.458208884931,8,76163.73386688042,1,1362.6951473934214,1
1,97,11784.63586775786,2,16195.35191071583,1,22475.733687476033,1
3,102,2756.7624928659925,11,29824.445759809896,3,500.0,1
8,115,12267.549658970442,11,156189.57030476583,1,500.0,1
9,434,2465.6154722372385,6,16124.543991627952,6,556.4414659177296,1
9,130,12252.145999075496,9,76094.09323649167,1,1125.9170040716638,1
2,369,6267.3058386087805,6,31658.774118223784,1,4793.139229827873,1
2,276,2638.0116164435713,12,31320.518535073737,2,500.0,1
10,238,12155.59795316022,12,124946.06797883418,2,500.0,1
9,28,12193.363881139787,9,89014.51187523614,3,500.0,1
3,64,2225.5928845395274,13,29608.37676659235,3,500.0,1
10,260,573.7130692752231,6,3801.1007376529606,2,1717.6446440032448,1
2,154,3596.6792444628713,5,15260.172612992428,1,2390.7864730874426,1
4,413,9328.866236989985,4,40373.424812155834,2,6888.740780319127,1
7,25,12322.384496001006,9,88945.13286535795,3,500.0,1
5,159,14293.84139603538,7,75486.37203602443,2,5236.585087042951,1
12,56,11704.111467643444,10,76239.66368827641,1,710.7128729189458,1
15,386,9024.729571219574,3,26048.833460543752,3,13930.964979233555,1
7,20,9785.886172896844,8,71411.72890375151,0,500.0,1
3,142,1930.1851467043905,1,1548.4799943894307,2,4644.560016831708,1
6,270,975.4508296004652,4,3316.384858434863,5,2081.404470926206,1
8,386,10435.352300520944,2,22129.369177518456,0,17375.760305434007,1
1,140,12230.660146145625,1,11451.142673394203,1,25184.816784463408,1
9,20,2749.3844586781056,12,27726.61913076129,3,500.0,1
3,208,722.9535205312534,6,3475.96124938061,1,1084.9613557532175,1
5,273,6692.142605614502,13,73145.5035731943,1,500.0,1
11,327,7342.681053149863,8,51010.78303309386,2,810.4577588837385,1
6,205,8363.221125005062,11,85859.90737602754,3,500.0,1
12,55,4447.556263017531,12,54047.504259579844,3,500.0,1
4,28,7277.582350683835,7,52659.172033190334,2,500.0,1
3,53,561.2448857885723,7,3452.407944194302,2,549.7954315428935,1
5,277,12006.75840161243,9,101725.95731079276,1,500.0,1
9,153,5875.943158616849,10,52623.982751973876,1,500.0,1
13,375,7005.845827888313,9,44961.71729577557,2,1637.394793893534,1
17,198,8471.72900799264,9,68844.90549753097,2,500.0,1
2,295,11507.389575628471,2,18731.857914201755,0,21242.478766024607,1
11,289,11508.05751787101,12,123847.80614320295,1,500.0,1
5,37,12004.064421229898,10,112159.21403466248,3,500.0,1
1,449,6374.996347258187,8,38203.97853328707,2,885.2037089038965,1
4,199,13417.725120025982,4,39955.04030740222,3,16975.28467545121,1
6,161,12664.849503336407,10,116237.7818770399,3,500.0,1
6,311,9111.19760026565,5,41439.48453199738,2,6289.560000577501,1
4,366,6379.367390034697,10,74424.76659028704,2,500.0,1
11,173,12392.204420601322,3,41618.266069575584,2,14921.456093292081,1
9,132,3594.516555208564,7,22113.61163318769,1,2036.1163318769086,1
15,440,8958.567027550329,3,25581.72591669148,2,14070.926650331663,1
5,342,14466.034333599864,12,180071.45425421125,2,500.0,1
10,291,707.211220976479,5,3963.146157726708,2,2038.7364451562978,1
2,84,3622.8761666782543,6,16376.716832469401,1,2759.7681229125947,1
2,266,10074.833757552084,1,9791.243469696086,2,20626.095946680405,1
4,176,7108.134253219943,9,74674.97974874689,1,500.0,1
8,126,7166.469783561309,12,62846.77795069675,3,500.0,1
5,13,12554.886097278853,6,85583.09665596264,3,500.0,1
12,407,12347.263373771437,13,129616.91532512568,1,500.0,1
3,336,506.616368095899,6,2910.5445220001143,1,741.6926268494403,1
9,147,12977.556828114686,4,43580.2740068463,1,15291.735681668162,1
7,8,9765.689452310058,8,71556.73339289888,0,500.0,1
8,139,9743.358350657787,10,87161.27015071808,4,500.0,1
9,269,10651.91295573632,4,42167.23960283864,1,10134.003497191188,1
5,375,13980.3641906147,4,62972.55603492114,2,9185.532884685574,1
1,206,530.9686080939468,8,4678.349851960287,2,500.0,1
7,307,5679.132740662898,7,48549.80157479472,1,500.0,1
5,214,3164.8809287147596,10,37286.013622715465,1,500.0,1
2,331,2986.4595222074804,6,15057.08095558504,1,1125.8694425753943,1
3,136,649.6822962975236,7,3455.2950066480194,1,821.9364482475207,1
12,30,4681.947313969665,11,52536.09311097127,3,500.0,1
10,41,12043.43934213049,8,88879.0963854278,3,596.5156569419852,1
9,283,779.3167444341836,4,2690.0670539171597,1,2596.66634924823,1
4,38,10266.274725947733,10,110533.54747177791,2,500.0,1
6,80,7997.992670647866,9,74941.9187601796,1,500.0,1
1,250,12897.311181658244,2,17371.953162996557,2,24771.407552119475,1
6,10,9772.989955139901,8,71508.25710974084,0,500.0,1
12,454,6897.50152016407,9,44379.40841479297,2,1721.7117264453182,1
6,376,10725.345617204095,2,21008.400859813413,0,18121.941939004686,1
2,262,14238.085859898385,4,65405.75179492298,2,8313.827238578993,1
10,75,11084.921446540278,9,88358.84349023622,4,500.0,1
6,138,6041.195807029222,8,46222.64506397923,4,500.0,1
3,66,10179.81503809803,10,103950.79882614805,3,500.0,1
5,324,1180.4323845069516,3,2894.184043851353,4,2448.5356140423014,1
2,235,14300.753483175977,4,65997.40788527907,2,8101.863218669491,1
3,408,6085.301705909368,12,74235.43913409699,1,500.0,1
4,112,7334.437857810903,9,74749.632402386,1,500.0,1
5,147,12984.715069018615,12,146119.4943150486,1,500.0,1
2,264,7565.280060183848,1,7394.068112025509,2,15141.122525045324,1
3,24,2121.478211878996,1,1952.1731781849398,4,4833.370116361295,1
7,70,3917.826659849931,9,37310.075949633705,0,500.0,1
6,231,883.6812568850563,5,3412.503715844051,5,1812.2213116961743,1
11,13,3581.8573242601874,6,17852.382161734582,2,3437.1130574457943,1
6,166,11138.848943183913,13,166111.38915551789,3,500.0,1
3,108,1948.099698073064,13,30087.58992190202,4,500.0,1
2,168,3086.6427974519547,7,17403.143332150044,1,1974.3758144498331,1
4,408,9152.31944472719,5,40286.45766947183,2,6411.059783161897,1
3,175,2885.6613925844385,12,34296.6522038772,3,500.0,1
5,114,14631.232176536418,7,72768.46349003135,3,7215.194723548078,1
12,397,9152.950413273991,4,27053.661349044218,3,13389.015952867347,1
5,308,6486.1774306514535,1,8341.457771869967,2,12720.624556090419,1
11,204,7416.407611465771,10,72746.56604472455,1,500.0,1
10,120,6156.507502348536,2,9905.18489320541,1,12579.083028165418,1
4,79,6772.1850540555915,10,69280.08432718247,0,500.0,1
3,242,2629.8663011490244,12,33714.95521816852,3,500.0,1
8,427,9303.809796920266,2,19885.632417599925,0,15916.354758640684,1
7,12,3740.016438495443,5,15795.986849203646,0,3240.0082192477216,1
12,36,4837.49190584442,11,52320.84453433651,3,500.0,1
7,75,11307.914128821296,12,161745.34804172948,3,500.0,1
11,159,6031.104037610824,2,10063.595596694027,2,12250.305992973012,1
9,25,8870.036277425395,10,63899.21671633882,2,1424.6258466479308,1
9,317,1224.2477635235678,7,9441.700272330552,3,755.4663554877,1
9,325,10771.930004051273,4,37123.771873733975,3,12472.70972616096,1
17,5,629.9868890374432,2,1124.1339410361802,3,4046.902249785445,1
4,38,2282.7493244282923,13,30956.474596761418,3,500.0,1
11,125,12683.073713647836,5,62301.35207097113,0,6813.337406732853,1
2,321,2184.0217463181048,9,19704.763277830978,3,500.0,1
4,240,755.4336201539711,6,3485.122303120351,1,1201.5565851681015,1
9,160,584.7262293727248,6,3875.0721287090455,2,1489.0491749089906,1
4,226,13905.14063416884,6,75975.59885699439,2,3628.168141388301,1
4,282,13175.457462704388,12,164942.5936953443,1,500.0,1
5,364,10912.773071332911,2,20137.752705093586,0,18621.83322064653,1
2,196,13257.351462185585,11,164028.4549978499,2,500.0,1
6,341,939.6457671323058,5,3472.6974863599876,3,1951.7711643384712,1
8,405,2591.465063623182,5,16078.158765504548,6,754.8128475200167,1
10,373,6839.766490485258,9,45243.32909416346,3,1474.0596031862287,1
2,370,2148.808569923309,12,32402.08989642806,3,500.0,1
2,398,11222.187495782471,4,36455.460910732734,6,12657.808369630357,1
5,149,5639.476827423234,7,43976.64611199767,2,500.0,1
5,255,14650.617260323444,8,79988.92146900982,2,4051.2335637464053,1
6,42,7032.236441832869,6,44016.754084826156,3,2532.5580131706765,1
2,157,13709.928282410612,5,65628.91337963534,2,6837.341404325523,1
8,78,6455.36636496219,7,50792.7855328442,2,500.0,1
2,404,11075.666457776522,4,37610.54087928132,6,11899.023412408735,1
16,71,12785.426474966214,3,43749.94352218526,1,15697.552253222791,1
2,322,2156.334523444112,9,19605.01342007947,3,500.0,1
4,57,7928.887738891908,9,69954.37425867285,0,500.0,1
9,317,2693.6251470158722,6,16044.877960681202,5,1380.5728205392966,1
4,407,9278.205560070306,5,40599.60392254498,2,6652.620782761537,1
11,408,8470.78465093497,6,49745.91869944888,3,1325.317544157182,1
3,58,2097.114746781718,1,2582.490996487987,4,4270.071790871319,1
9,129,5973.951874474621,8,51421.25731886657,2,500.0,1
2,111,548.3624207780366,8,3930.4159065444237,2,500.0,1
1,138,12091.93225043416,2,16497.738425684944,2,23119.34820601879,1
4,277,7208.716539543328,6,35615.95811550927,0,3372.243578257046,1
4,34,7105.866329715375,7,52039.577131954466,2,500.0,1
10,384,7453.484480134423,7,49504.21921311122,2,830.274903728597,1
4,31,3164.830675169629,12,34450.43319385372,3,500.0,1
11,400,8186.537001779094,7,49738.410670755955,4,959.9425768076625,1
8,21,11863.322311484688,10,119312.6799236358,4,500.0,1
10,273,7406.371761207458,7,50177.390820823115,3,773.7961880768681,1
3,340,2940.3786619774964,6,15149.242676045007,2,1072.1084389737457,1
4,214,6966.0194355654185,9,74627.16541757341,1,500.0,1
6,172,12420.84053520517,13,172853.53695117874,3,500.0,1
1,267,14533.63035021961,11,173070.34611604371,2,500.0,1
8,201,6591.384359508998,10,54072.57553469674,1,500.0,1
6,212,6664.28721006287,3,15771.854016262085,1,10946.93396765506,1
13,17,4379.497126301317,12,52954.63528986586,3,500.0,1
5,88,11008.577051243687,7,85119.76563480709,2,500.0,1
2,252,12725.639151592522,0,1475.788291046992,0,29833.327242675696,1
1,272,7623.659722794271,12,87314.63166410723,2,500.0,1
10,293,5420.148475954574,8,44873.72932096207,0,500.0,1
1,297,11582.991682312067,2,18700.24134744181,1,21444.80846508521,1
13,330,6909.735250311182,9,45143.470962282816,1,1494.6563123433398,1
7,282,5744.668345432367,8,48173.97596019147,1,500.0,1
5,73,4196.5702996442,11,35945.924597572084,2,857.5125378577854,1
14,38,6600.26696960387,9,73354.0170494081,1,500.0,1
9,115,9277.582260047206,6,44911.5538184255,2,5648.376144807825,1
1,169,537.7854579624948,8,4385.225307612725,2,500.0,1
3,324,1757.2470041675322,1,2170.399110863868,2,3536.957866073283,1
14,7,4016.114353495327,7,20855.56426753233,0,3231.4635776006103,1
7,310,5671.503094416736,8,48513.03444050781,1,500.0,1
2,432,8846.143965090076,12,72944.53336785891,1,500.0,1
1,362,13839.770319667958,1,12167.59359155119,1,28838.566980073476,1
3,450,7070.9837305023375,7,39591.565838943054,1,900.2287745354274,1
13,140,8958.494155142069,8,69658.15179149513,2,500.0,1
2,299,11478.84690688187,2,18803.965708930013,0,21112.284136654143,1
7,306,5682.56752590438,8,48461.76024580897,1,500.0,1
8,94,3220.7329356424207,6,15605.508571454795,2,2907.3293564242085,1
5,218,13169.16722116547,9,104902.50499048924,2,500.0,1
10,314,5633.2141133719815,8,43149.209728772585,0,565.8637472958097,1
10,133,13463.83538604869,11,170764.57548606672,2,500.0,1
14,88,6093.34271708399,8,46952.88924026804,0,500.0,1
9,230,5660.610134147095,9,45028.61653642117,1,500.0,1
4,319,6899.638324585143,10,59513.21536781276,4,500.0,1
9,119,11727.513175164628,10,120841.76062700797,3,500.0,1
3,66,13883.20340668104,9,111328.83066012934,2,500.0,1
2,323,3025.9344851525107,6,14978.13102969498,1,1171.9235660112622,1
9,136,6523.222913259185,7,50330.80165356531,3,566.4842519387757,1
13,184,8024.781641997974,3,22791.86020536483,3,12216.768529139383,1
2,186,1171.2061137400751,7,6418.729152631526,3,1229.7999550535324,1
2,415,8222.154457454446,11,73327.60835616899,1,500.0,1
3,232,1887.4653928021664,1,2286.6655292876485,3,3815.9972702903565,1
4,379,8570.648137105383,11,72872.0269714245,1,500.0,1
5,82,7851.164469394515,9,74901.21391230739,1,500.0,1
9,86,12480.324189707933,11,159262.1126110118,1,500.0,1
4,182,7856.9368619355255,9,74269.5637411981,1,500.0,1
4,274,13077.02551093398,12,163844.79946912083,1,500.0,1
15,202,9043.55079468619,8,68582.61399012788,3,1139.7475769981556,1
6,203,12953.172840790623,4,42975.10777598547,2,14937.059502409067,1
7,256,11855.454763155925,4,40492.21091283122,2,13544.306433977752,1
2,154,4045.2873160806485,10,29783.18448746862,1,500.0,1
15,108,6218.715135068638,10,73095.7342992042,1,500.0,1
6,53,11649.799347543709,6,84811.28571928978,2,500.0,1
2,176,3152.26269808267,12,30183.568864783214,1,500.0,1
7,298,5669.090325206656,8,48895.6956896509,1,500.0,1
11,186,6396.165859152232,2,11587.300804750967,2,12653.904932661073,1
5,56,6925.678080626363,7,52497.50866498477,1,500.0,1
7,23,12032.229807049538,10,119758.20652505387,3,500.0,1
3,49,10712.231511024847,10,111142.64878453343,1,500.0,1
10,31,12021.158260784778,8,88458.52223696963,3,500.0,1
8,329,10811.11988671483,4,37111.52503540162,4,12510.811000972752,1
4,156,7185.4627503886,9,74700.99681321485,1,500.0,1
16,9,679.7251678367306,2,1284.8276411803088,3,3964.6250493637444,1
6,252,3166.9414605542916,5,15867.269899548428,4,1791.38523950773,1
3,67,2715.403192476714,13,29373.25981786453,2,500.0,1
6,78,13829.29290153864,12,132596.98762823458,2,500.0,1
4,271,1442.5294697637378,3,3128.8803599492767,2,2917.6228714126814,1
4,390,8923.895093054447,5,39971.62932390548,2,5964.142573367398,1
5,175,785.2998314388485,6,3417.8216307330354,4,1413.377695022359,1
5,235,6891.41374429027,8,37266.7774408634,1,2148.000947969989,1
12,54,4621.386805781579,12,52998.67728663047,2,500.0,1
5,230,3073.7034029330166,10,37257.603234247246,1,500.0,1
8,14,10689.891532302872,10,115211.3684624178,4,500.0,1
4,206,14034.799469402271,0,12236.344848362021,2,28528.760184684936,1
11,270,5445.5377723243955,9,44212.520040189826,0,500.0,1
5,30,3465.9948461083713,11,35639.150751646055,2,500.0,1
12,11,3269.075790827673,6,16025.711555929563,1,3226.8947706918198,1
3,435,1446.5671988247984,2,2386.4361996531607,1,2893.134397649597,1
13,24,8405.679042422566,6,43967.349674733,2,4854.56528754894,1
9,431,13531.754199658082,4,60728.959387259325,1,9539.798913211116,1
12,225,6396.270928565233,9,51503.503019990785,3,759.8869742780089,1
6,213,3120.77066705057,7,15351.253970539108,0,1806.6057175763153,1
5,213,6483.227764965481,8,37357.645659505826,0,1909.101722000436,1
10,250,12159.675746687348,12,125209.0856613339,2,500.0,1
14,47,6200.205716385979,9,46462.229997243405,0,500.0,1
5,206,14670.628401071677,8,78535.61237216942,2,4901.707045546298,1
9,455,8525.75414608292,2,19765.408075050713,1,14600.692142064414,1
4,367,884.8536559186296,5,3521.6253901308955,1,1666.14132893867,1
14,7,4075.7331680374486,7,21224.227549292795,0,3249.714235113505,1
9,480,13671.49500171978,4,60486.741997019046,1,9978.984291119308,1
5,261,11187.824322410503,13,165600.20863484038,3,500.0,1
8,417,7953.692159367872,3,22514.728881347604,2,11857.794035627596,1
9,34,6045.401340942576,8,45294.61744198794,1,500.0,1
8,21,11758.991124876546,10,118948.02723257821,4,500.0,1
6,207,12951.376283175494,4,42930.52048244636,2,14910.927755279914,1
2,228,519.0251944922273,6,2996.8377703464034,1,500.0,1
1,467,6854.529274514967,7,38342.94521832883,2,934.1356402566294,1
7,96,11102.934593605883,13,166486.24517923858,3,500.0,1
11,461,7429.34510828784,3,19239.54605979352,1,12664.968799264772,1
3,294,11176.58967367427,2,19069.094042277553,0,19725.04852376456,1
9,418,2497.3820905541315,6,16113.444811734098,6,671.2605682679446,1
2,347,2334.415235999484,12,34666.62017119525,3,500.0,1
5,84,7706.113003128356,9,74861.00162462964,1,500.0,1
5,336,11254.392995214475,13,164569.84688997237,2,500.0,1
11,70,11742.767522000755,10,75971.054957005,1,707.5868538170455,1
2,147,4786.13680027983,1,4392.2074318955965,2,10011.088356762457,1
2,62,13669.22381117239,10,111327.25129048945,2,500.0,1
6,33,11552.019304688827,10,116623.89845575341,3,500.0,1
8,35,6032.033728437759,7,45217.998199582275,2,500.0,1
2,350,494.57301449554313,6,2750.6963742135727,1,566.5165744806274,1
4,310,11676.513034895888,13,164910.78342238368,2,500.0,1
5,429,949.732602459177,5,3538.26191598465,1,1901.3369877041152,1
5,111,14706.751341450694,12,139987.64893956407,1,500.0,1
1,270,8803.627424594612,4,28207.318564726702,2,9815.313940896669,1
18,17,13034.699296396557,3,44998.44617420544,0,16122.898856677182,1
10,121,1281.955996890775,7,7192.997040032169,1,1786.5038942863507,1
4,30,3246.594173560834,12,34774.301596572135,3,500.0,1
3,239,5291.696415317129,9,36921.48257411989,2,727.3699278169296,1
11,214,1012.2205274196547,2,1550.4956934212973,2,3560.917220005475,1
2,372,4977.793753153539,8,31922.173567295456,1,3464.689834509863,1
11,82,1066.804980282273,6,5250.326024951072,1,2300.059277263831,1
12,26,12678.852153605694,11,166029.87566692338,2,500.0,1
6,251,918.9097717471092,5,3410.5994717974536,5,1955.039615190983,1
2,225,3361.009241007103,6,15117.837264370626,1,1877.44587150062,1
8,220,5491.753233886409,8,43912.0170398253,1,500.0,1
2,223,4599.609046761397,8,30393.368097985414,2,500.0,1
14,142,6104.483513665236,10,73155.36783634739,1,500.0,1
2,100,3608.813460521621,11,29302.724894527677,1,500.0,1
2,89,3558.73191410527,12,29853.452523789125,1,500.0,1
9,152,6333.342813793929,2,11948.264295083434,1,12010.683812805228,1
1,241,12828.375513172696,2,17297.12555703361,2,24630.00105266194,1
10,465,8047.430982489979,2,19490.00945148353,1,14007.605063228955,1
9,158,5762.746877879484,10,52247.86997795443,1,500.0,1
7,70,6571.963971595742,7,51016.26427889184,2,500.0,1
11,80,3607.007114910817,5,15137.420357072799,3,4568.439088322472,1
10,127,6346.619520867218,1,9797.876247294933,2,13009.854775892229,1
13,437,6003.189377196986,3,14068.858490570972,2,10986.905520788992,1
2,69,10319.491457521517,10,105137.34160734758,2,500.0,1
1,124,10654.474416845514,10,88019.70002588975,2,500.0,1
1,138,12096.7623363198,2,16502.981339424055,2,23129.256074502155,1
12,6,1155.612210445096,2,1198.759758273069,3,4501.146354705638,1
18,6,511.6580014846227,2,1143.4534953664768,3,3915.1935298484186,1
13,24,4356.671826290231,12,53087.54588688828,2,500.0,1
12,295,7093.954946739716,8,50975.571804291845,3,844.7633755157806,1
6,159,12296.014267904236,13,172296.92378036454,3,500.0,1
13,101,5146.4248763546175,11,52449.2502760431,3,607.8375761988586,1
7,253,1396.6792477999575,7,8892.492308023478,3,1075.225982744077,1
3,89,12991.449834076317,11,164799.44575894144,2,500.0,1
1,298,509.5369893112448,7,4292.033123522071,2,500.0,1
3,410,6302.317578802413,12,74133.96754847805,1,500.0,1
10,122,12567.787290500437,9,77569.45027267527,1,1560.6795557305884,1
2,294,11519.66582368928,2,18700.84423489024,0,21298.475687003734,1
4,189,14131.398384403032,1,15836.874213601195,2,27354.118601811166,1
2,252,4830.554697645499,7,30647.58734159427,2,500.0,1
2,319,13637.733607399983,0,7613.247945124909,1,29909.60497281937,1
2,341,2127.8212233752142,9,18916.411041079227,3,500.0,1
15,116,6459.790661101144,9,45994.356274551305,0,826.4217739125897,1
12,148,726.4976426637338,4,2409.8075628792026,4,2822.669104125331,1
2,264,7720.956119206445,1,7529.413342444409,2,15495.459823566907,1
6,315,12281.238145571871,9,100446.34047627762,1,500.0,1
10,241,733.3663061448409,5,3850.9361619782358,4,2059.5859678348966,1
13,58,6187.674694149881,9,46478.67696392828,1,500.0,1
8,355,6064.674221038293,8,42081.59681119827,0,666.2033072182077,1
10,68,11225.971498215607,9,88484.7546620197,4,500.0,1
10,101,10184.945389923621,11,76461.49848731825,1,500.0,1
7,328,6024.3716796940325,12,73942.34879359392,1,500.0,1
2,236,7734.724961107159,11,70714.41909462231,0,500.0,1
16,99,6423.987441663228,9,46062.06335289429,0,773.2486757374677,1
4,249,14445.261330299614,8,81698.83272244445,2,3227.3519283511137,1
5,143,13198.312270035885,12,145358.91509250735,1,500.0,1
2,256,4844.106097025185,7,30690.53834871156,3,500.0,1
4,223,1443.0523441728028,5,6153.852838285954,3,1832.458582990027,1
6,397,2669.8769209228385,6,15690.246158154323,4,756.5230744099786,1
6,116,11540.98530054478,12,156764.1987691263,2,500.0,1
11,137,3895.1562424864787,5,14518.327677034002,3,5509.91643584691,1
7,165,1260.3572506280266,6,6143.3005898586725,3,1916.5674303811038,1
8,241,8990.401400390454,5,42046.96687050018,2,6026.959566066204,1
5,111,14641.610436811472,7,73023.5170986092,3,7190.035304699462,1
7,232,9527.910673892215,2,20054.152087925253,1,15713.98566696528,1
11,115,7226.362458359998,3,19841.819111821056,2,11199.993179978934,1
7,200,8450.3507167782,11,85637.04117681408,3,500.0,1
2,268,8637.242230262093,1,8326.03522257861,2,17581.036419626405,1
11,121,4744.409314109676,12,55515.50359443278,3,500.0,1
2,335,14175.661158478846,1,17610.327099967784,3,27414.152896197116,1
8,228,4725.26738568729,3,13372.515936954313,2,6994.589906536165,1
14,41,6649.923656431207,9,73437.93300079073,1,500.0,1
11,28,8576.431837525266,11,63906.23394367362,2,1360.9980076975007,1
3,168,9499.09609249399,9,85845.9483663137,2,500.0,1
8,340,6124.192829523137,2,9305.347000455833,2,11920.891134992977,1
13,26,8644.360368180623,6,44008.976345690295,2,5223.077859225792,1
5,234,12703.798957260555,9,95598.88567922892,2,500.0,1
3,185,11108.25187939533,9,100423.82636811901,2,500.0,1
9,124,6008.682787079798,8,51285.32771263596,2,500.0,1
6,238,1430.5258812322472,7,8715.387830761498,3,1161.8103938499344,1
4,325,8072.71414252818,6,38798.47992687579,1,4298.7885397290465,1
3,169,6881.462384550495,9,76138.80648079055,1,500.0,1
11,109,3754.9358116849007,5,14819.593355092837,3,5051.770473821954,1
8,255,5406.309891589692,8,49380.26560190597,1,500.0,1
2,425,8094.1006133436285,12,73296.1713855697,1,500.0,1
4,412,9197.704500696349,5,40349.010116177145,2,6499.856631797206,1
3,286,2796.690214646256,9,21912.04830756117,3,500.0,1
17,165,8066.006173929995,9,69505.70302473848,2,500.0,1
8,439,2462.176228714809,5,16125.537903762895,6,521.9323374366121,1
6,36,10094.030310027534,10,108738.40364989194,3,500.0,1
8,21,11869.942930836973,10,119335.81995243991,4,500.0,1
2,169,7331.312822810229,11,69967.1461336818,0,500.0,1
12,487,7645.5005829503525,3,20130.97335015437,2,13002.151637285171,1
15,265,10032.991435574142,4,37529.842279412114,1,11492.63630952324,1
12,34,12868.535269218011,11,164868.0230619188,1,500.0,1
3,27,2131.8701850208295,1,2108.052775312439,4,4716.460418515671,1
2,275,6147.060201251364,10,77881.11235013469,1,500.0,1
8,150,3028.6422916338465,8,19151.66123190304,1,1714.6793979658141,1
7,112,11111.084250835282,13,166401.18313190676,3,500.0,1
2,315,11357.622445881703,2,19110.21697882517,0,20559.330454899,1
2,327,7505.678325603811,5,33191.44819096067,0,5040.111143802225,1
2,313,2062.574920588206,13,31913.16847043297,4,500.0,1
4,34,2740.308366079892,12,32768.88378771905,3,500.0,1
4,197,14135.681527367275,8,83191.3131304084,2,2634.9461326163887,1
9,25,1497.5674316285613,1,1972.7773101346133,4,4205.166891655459,1
16,12,7213.080998631952,9,72320.47368770765,0,500.0,1
4,321,519.9886400806887,6,3088.0310410709594,1,936.198401173654,1
7,42,7470.96049730686,11,66175.71314239796,1,500.0,1
12,254,642.6601326679316,5,4075.649483064462,2,2075.6227813326104,1
6,148,12473.535517797367,5,62483.5036391726,2,5678.206487487274,1
4,368,12387.542190107113,13,171081.64145187027,3,500.0,1
4,103,13397.415776883114,10,113415.94716991234,3,500.0,1
3,129,4425.692884684722,1,3984.3366853011335,2,9383.594900463282,1
1,96,11218.996360061858,10,88151.0266168803,2,500.0,1
2,239,603.3640000139002,8,5219.470000011584,2,703.0661538800133,1
